loan_id,origination_date,region,currency,loan_type,loan_reason,gender,citizenship,interest_rate_pct,credit_amount_kzt,age,days_past_due,npl_90plus
KZ2026000001,2019-06-22,Mangystau,KZT,Personal loan,Consumer credit,Female,Local,19.4,1393000,38,0,0
KZ2026000002,2019-07-12,Atyrau,KZT,Personal loan,Consumer credit,Male,Local,18.3,2035000,26,339,1
KZ2026000003,2019-02-04,North Kazakhstan,KZT,Personal loan,Consumer credit,Male,Local,22.3,2253000,58,0,0
KZ2026000004,2019-04-28,Kostanay,KZT,Personal loan,Consumer credit,Female,Local,35.7,204000,57,0,0
KZ2026000005,2019-12-13,Nur-Sultan,KZT,Personal loan,Consumer credit,Male,Local,27.1,891000,18,0,0
KZ2026000006,2019-05-19,Shymkent,KZT,Personal loan,Consumer credit,Male,Local,22.6,815000,39,0,0
KZ2026000007,2021-05-04,Kyzylorda,KZT,Personal loan,Consumer credit,Male,Local,30.4,1046000,45,0,0
KZ2026000008,2020-12-30,Mangystau,KZT,Credit card,Consumer credit,Female,Local,31.3,624000,42,125,1
KZ2026000009,2020-02-22,Almaty,KZT,Personal loan,Consumer credit,Female,Local,27.1,262000,54,0,0
KZ2026000010,2019-03-25,Atyrau,KZT,Credit card,Consumer credit,Male,Local,33.1,127000,51,0,0
KZ2026000011,2021-05-20,Almaty Region,KZT,Personal loan,Consumer credit,Female,Local,28.3,672000,40,0,0
KZ2026000012,2020-10-02,Turkistan,KZT,Personal loan,Consumer credit,Male,Local,18.6,1368000,62,0,0
KZ2026000013,2019-06-11,Karaganda,KZT,Personal loan,Consumer credit,Female,Local,12.1,2434000,47,0,0
KZ2026000014,2019-02-17,Pavlodar,KZT,Personal loan,Consumer credit,Male,Local,30.1,4802000,33,0,0
KZ2026000015,2020-07-01,Atyrau,KZT,Personal loan,Auto loan,Male,Local,25.2,3516000,31,0,0
KZ2026000016,2019-02-05,Almaty,KZT,Personal loan,Consumer credit,Male,Local,12.5,2431000,51,0,0
KZ2026000017,2020-06-26,Zhambyl,RUB,Personal loan,Consumer credit,Female,Local,23.7,3729000,28,0,0
KZ2026000018,2020-01-26,Nur-Sultan,KZT,Credit card,Consumer credit,Female,Local,27.8,344000,32,165,1
KZ2026000019,2021-02-16,Pavlodar,KZT,Personal loan,Consumer credit,Female,Local,30.8,854000,34,0,0
KZ2026000020,2019-12-04,Karaganda,KZT,Credit card,Consumer credit,Male,Local,33.7,157000,41,0,0
KZ2026000021,2020-01-31,Kyzylorda,KZT,Credit card,Consumer credit,Male,Local,56.0,150000,35,0,0
KZ2026000022,2020-04-26,Aktobe,KZT,Credit card,Auto loan,Male,Local,27.6,4676000,23,0,0
KZ2026000023,2021-05-18,Shymkent,KZT,Personal loan,Auto loan,Male,Local,25.3,3903000,50,0,0
KZ2026000024,2020-09-12,Turkistan,KZT,Credit card,Consumer credit,Male,Local,44.6,256000,33,0,0
KZ2026000025,2020-08-14,Mangystau,KZT,Credit card,Consumer credit,Female,Local,35.4,576000,59,0,0
KZ2026000026,2019-10-01,Almaty,KZT,Credit card,Consumer credit,Female,Local,31.7,301000,40,0,0
KZ2026000027,2020-03-02,Atyrau,KZT,Personal loan,Consumer credit,Female,Local,24.0,552000,51,311,1
KZ2026000028,2019-06-21,Nur-Sultan,KZT,Personal loan,Consumer credit,Male,Local,22.9,957000,44,0,0
KZ2026000029,2019-12-12,Almaty,KZT,Credit card,Consumer credit,Male,Local,40.1,648000,51,0,0
KZ2026000030,2020-12-26,Karaganda,KZT,Personal loan,Consumer credit,Female,Local,15.3,503000,43,0,0
KZ2026000031,2019-03-29,Kyzylorda,KZT,Personal loan,Consumer credit,Male,Local,21.2,1434000,40,0,0
KZ2026000032,2019-05-26,Shymkent,KZT,Personal loan,Auto loan,Female,Local,14.4,3901000,49,0,0
KZ2026000033,2020-06-01,Aktobe,KZT,Personal loan,Consumer credit,Female,Local,7.5,629000,64,0,0
KZ2026000034,2020-12-06,Almaty Region,KZT,Personal loan,Consumer credit,Male,Local,30.6,935000,34,0,0
KZ2026000035,2021-05-10,Atyrau,USD,Credit card,Consumer credit,Male,Local,35.7,177000,46,0,0
KZ2026000036,2020-06-02,Almaty,KZT,Credit card,Consumer credit,Female,Local,40.1,126000,37,0,0
KZ2026000037,2020-08-03,Almaty,KZT,Credit card,Auto loan,Male,Local,17.2,6481000,43,0,0
KZ2026000038,2019-09-13,Atyrau,KZT,Personal loan,Consumer credit,Female,Local,23.0,1110000,37,0,0
KZ2026000039,2019-12-28,Almaty,KZT,Personal loan,Consumer credit,Female,Local,21.8,738000,18,0,0
KZ2026000040,2019-10-05,Karaganda,KZT,Personal loan,Consumer credit,Female,Local,23.0,3218000,35,298,1
KZ2026000041,2019-04-07,Almaty Region,KZT,Personal loan,Consumer credit,Male,Local,23.9,499000,48,0,0
KZ2026000042,2019-11-24,Pavlodar,KZT,Personal loan,Consumer credit,Female,Local,22.3,636000,29,0,0
KZ2026000043,2019-07-12,Kostanay,KZT,Personal loan,Consumer credit,Female,Local,20.0,253000,47,0,0
KZ2026000044,2020-06-05,Akmola,KZT,Credit card,Consumer credit,Male,Local,30.0,935000,71,0,0
KZ2026000045,2020-10-27,Pavlodar,KZT,Personal loan,Consumer credit,Male,Local,34.1,5896000,35,0,0
KZ2026000046,2021-05-15,Pavlodar,USD,Personal loan,Consumer credit,Female,Local,12.0,447000,47,0,0
KZ2026000047,2021-02-16,Almaty Region,KZT,Personal loan,Consumer credit,Female,Local,17.0,1273000,44,0,0
KZ2026000048,2019-10-09,Akmola,KZT,Personal loan,Consumer credit,Male,Local,25.1,774000,42,0,0
KZ2026000049,2021-04-08,Karaganda,KZT,Personal loan,Auto loan,Female,Local,19.5,3944000,48,0,0
KZ2026000050,2021-04-11,Almaty,KZT,Personal loan,Consumer credit,Female,Foreigner,23.2,1086000,39,0,0
KZ2026000051,2020-03-20,Almaty,KZT,Personal loan,Consumer credit,Male,Local,27.4,1697000,19,0,0
KZ2026000052,2019-07-01,Nur-Sultan,KZT,Personal loan,Consumer credit,Male,Local,21.3,530000,33,0,0
KZ2026000053,2020-11-17,Mangystau,KZT,Credit card,Auto loan,Male,Local,41.0,4362000,18,0,0
KZ2026000054,2019-04-10,Karaganda,KZT,Personal loan,Consumer credit,Male,Local,14.1,465000,44,0,0
KZ2026000055,2019-11-15,Kostanay,KZT,Personal loan,Consumer credit,Female,Local,17.8,846000,47,0,0
KZ2026000056,2020-04-14,Mangystau,KZT,Personal loan,Auto loan,Female,Local,19.9,1831000,47,0,0
KZ2026000057,2021-02-01,Atyrau,KZT,Personal loan,Consumer credit,Male,Local,30.1,851000,42,0,0
KZ2026000058,2021-05-12,Zhambyl,KZT,Personal loan,Auto loan,Female,Local,18.1,3091000,48,0,0
KZ2026000059,2020-12-23,Almaty,KZT,Personal loan,Consumer credit,Male,Local,21.1,2676000,20,0,0
KZ2026000060,2020-03-04,Almaty,KZT,Credit card,Consumer credit,Male,Local,29.4,335000,73,0,0
KZ2026000061,2019-03-16,Karaganda,KZT,Personal loan,Consumer credit,Male,Local,32.8,1332000,21,0,0
KZ2026000062,2020-12-07,Atyrau,KZT,Personal loan,Auto loan,Female,Foreigner,20.0,3960000,33,0,0
KZ2026000063,2021-01-26,Zhambyl,KZT,Personal loan,Consumer credit,Female,Local,15.3,196000,55,0,0
KZ2026000064,2020-02-22,Kyzylorda,KZT,Personal loan,Consumer credit,Female,Local,37.2,220000,49,0,0
KZ2026000065,2020-05-04,Karaganda,KZT,Personal loan,Consumer credit,Male,Local,16.4,915000,44,0,0
KZ2026000066,2021-01-20,Zhambyl,KZT,Credit card,Consumer credit,Male,Local,33.4,431000,35,0,0
KZ2026000067,2019-04-27,Zhambyl,KZT,Personal loan,Consumer credit,Male,Local,35.0,983000,26,0,0
KZ2026000068,2020-12-18,Akmola,KZT,Personal loan,Consumer credit,Female,Local,28.0,576000,39,0,0
KZ2026000069,2020-03-28,Nur-Sultan,KZT,Personal loan,Consumer credit,Male,Local,16.0,978000,49,0,0
KZ2026000070,2020-08-28,Almaty Region,KZT,Personal loan,Consumer credit,Female,Local,13.7,909000,42,0,0
KZ2026000071,2019-06-18,Almaty,KZT,Credit card,Consumer credit,Female,Local,46.0,628000,20,193,1
KZ2026000072,2020-06-27,Almaty Region,USD,Personal loan,Consumer credit,Male,Local,5.3,2664000,38,0,0
KZ2026000073,2019-08-25,North Kazakhstan,KZT,Personal loan,Consumer credit,Male,Local,26.1,1150000,18,0,0
KZ2026000074,2020-04-02,Almaty,KZT,Personal loan,Consumer credit,Male,Local,20.6,1518000,46,0,0
KZ2026000075,2020-04-08,Nur-Sultan,KZT,Personal loan,Consumer credit,Female,Local,27.7,1722000,29,0,0
KZ2026000076,2021-04-24,Akmola,KZT,Personal loan,Consumer credit,Female,Local,8.8,4889000,24,0,0
KZ2026000077,2020-08-14,Akmola,KZT,Personal loan,Consumer credit,Male,Local,20.8,1172000,46,0,0
KZ2026000078,2020-05-07,Karaganda,KZT,Personal loan,Consumer credit,Female,Local,28.3,3241000,43,0,0
KZ2026000079,2019-12-21,Zhambyl,KZT,Personal loan,Consumer credit,Male,Local,29.3,448000,40,0,0
KZ2026000080,2019-10-25,Mangystau,KZT,Credit card,Consumer credit,Male,Local,27.0,217000,61,0,0
KZ2026000081,2020-07-29,Karaganda,KZT,Personal loan,Consumer credit,Female,Local,14.5,195000,44,0,0
KZ2026000082,2021-02-17,Almaty Region,KZT,Personal loan,Consumer credit,Female,Local,24.6,1365000,30,0,0
KZ2026000083,2020-05-20,Pavlodar,KZT,Personal loan,Consumer credit,Male,Local,10.6,2081000,43,0,0
KZ2026000084,2020-08-05,Almaty,KZT,Personal loan,Consumer credit,Female,Local,35.4,137000,34,0,0
KZ2026000085,2019-10-17,Nur-Sultan,KZT,Personal loan,Consumer credit,Female,Local,24.0,1408000,51,0,0
KZ2026000086,2020-05-07,Nur-Sultan,KZT,Personal loan,Consumer credit,Female,Local,16.2,2006000,40,0,0
KZ2026000087,2020-05-19,Kostanay,KZT,Personal loan,Consumer credit,Female,Local,13.0,1911000,41,0,0
KZ2026000088,2020-08-25,Atyrau,KZT,Personal loan,Consumer credit,Male,Local,17.5,434000,21,0,0
KZ2026000089,2019-10-07,Almaty,KZT,Personal loan,Consumer credit,Male,Local,8.3,2315000,38,0,0
KZ2026000090,2019-11-05,East Kazakhstan,KZT,Personal loan,Consumer credit,Female,Local,27.2,1210000,36,336,1
KZ2026000091,2019-11-14,Almaty,KZT,Personal loan,Consumer credit,Male,Local,15.2,1983000,26,0,0
KZ2026000092,2020-01-07,Kostanay,KZT,Personal loan,Consumer credit,Male,Local,26.4,1078000,35,0,0
KZ2026000093,2019-09-15,Atyrau,KZT,Personal loan,Consumer credit,Male,Local,27.4,1659000,42,0,0
KZ2026000094,2019-06-22,Almaty Region,USD,Personal loan,Consumer credit,Male,Local,27.0,4057000,37,0,0
KZ2026000095,2020-03-17,Akmola,KZT,Credit card,Consumer credit,Male,Local,40.2,433000,21,213,1
KZ2026000096,2021-01-24,Karaganda,KZT,Personal loan,Consumer credit,Male,Local,34.6,3472000,34,0,0
KZ2026000097,2019-01-29,Aktobe,KZT,Personal loan,Consumer credit,Male,Local,25.1,1072000,32,0,0
KZ2026000098,2020-08-10,Nur-Sultan,KZT,Personal loan,Consumer credit,Male,Local,26.1,461000,39,0,0
KZ2026000099,2020-12-21,Almaty,KZT,Personal loan,Consumer credit,Female,Local,17.4,2132000,38,0,0
KZ2026000100,2020-12-28,Shymkent,KZT,Personal loan,Auto loan,Female,Local,9.8,7629000,32,0,0
KZ2026000101,2021-01-22,Turkistan,RUB,Personal loan,Consumer credit,Male,Local,33.6,4258000,32,0,0
KZ2026000102,2019-10-08,Kostanay,KZT,Personal loan,Consumer credit,Male,Local,29.2,164000,38,0,0
KZ2026000103,2019-03-31,Almaty,RUB,Credit card,Consumer credit,Male,Local,36.9,297000,48,0,0
KZ2026000104,2021-05-28,Shymkent,KZT,Credit card,Consumer credit,Female,Local,26.6,362000,40,0,0
KZ2026000105,2020-09-10,Mangystau,KZT,Personal loan,Consumer credit,Female,Local,36.6,5040000,53,0,0
KZ2026000106,2019-11-12,Kostanay,KZT,Credit card,Consumer credit,Female,Local,29.9,156000,49,201,1
KZ2026000107,2021-01-22,Atyrau,KZT,Credit card,Consumer credit,Female,Local,24.1,1881000,53,0,0
KZ2026000108,2019-11-09,Akmola,KZT,Personal loan,Consumer credit,Male,Local,17.7,867000,52,0,0
KZ2026000109,2020-10-23,Nur-Sultan,KZT,Personal loan,Consumer credit,Male,Local,37.2,625000,54,0,0
KZ2026000110,2021-04-28,Turkistan,RUB,Personal loan,Consumer credit,Male,Local,12.0,4335000,24,0,0
KZ2026000111,2020-11-09,Atyrau,KZT,Personal loan,Auto loan,Male,Local,11.4,5359000,44,0,0
KZ2026000112,2020-08-01,Almaty,KZT,Personal loan,Consumer credit,Male,Local,49.1,624000,50,0,0
KZ2026000113,2019-06-18,Akmola,KZT,Personal loan,Consumer credit,Female,Foreigner,33.8,1839000,52,0,0
KZ2026000114,2021-04-04,West Kazakhstan,KZT,Credit card,Consumer credit,Male,Local,23.1,161000,29,0,0
KZ2026000115,2020-01-11,Almaty,KZT,Personal loan,Consumer credit,Female,Local,8.0,609000,44,0,0
KZ2026000116,2020-07-04,North Kazakhstan,KZT,Personal loan,Consumer credit,Male,Local,23.6,1107000,18,0,0
KZ2026000117,2020-06-24,Kyzylorda,KZT,Personal loan,Consumer credit,Male,Local,29.6,598000,57,0,0
KZ2026000118,2019-08-06,Kostanay,KZT,Personal loan,Consumer credit,Female,Local,35.9,2936000,22,0,0
KZ2026000119,2020-06-16,Almaty Region,KZT,Credit card,Consumer credit,Male,Local,16.4,227000,29,0,0
KZ2026000120,2019-12-12,Karaganda,KZT,Personal loan,Consumer credit,Male,Local,10.9,995000,18,0,0
KZ2026000121,2019-11-05,West Kazakhstan,KZT,Personal loan,Consumer credit,Male,Local,22.0,568000,39,0,0
KZ2026000122,2021-01-28,Karaganda,KZT,Personal loan,Auto loan,Female,Local,32.6,6380000,62,0,0
KZ2026000123,2020-09-29,Nur-Sultan,KZT,Personal loan,Consumer credit,Male,Local,31.0,681000,37,0,0
KZ2026000124,2020-03-08,Almaty Region,KZT,Personal loan,Consumer credit,Female,Local,25.6,3168000,38,0,0
KZ2026000125,2019-01-17,Nur-Sultan,KZT,Personal loan,Consumer credit,Female,Local,11.2,2976000,43,0,0
KZ2026000126,2020-09-18,East Kazakhstan,KZT,Personal loan,Auto loan,Female,Local,3.5,3273000,36,0,0
KZ2026000127,2020-10-13,Aktobe,KZT,Personal loan,Consumer credit,Male,Local,23.0,1231000,41,0,0
KZ2026000128,2019-05-28,Almaty,KZT,Personal loan,Consumer credit,Female,Local,22.0,802000,41,0,0
KZ2026000129,2020-10-30,Nur-Sultan,KZT,Personal loan,Consumer credit,Male,Local,20.1,1908000,28,0,0
KZ2026000130,2019-12-19,West Kazakhstan,RUB,Personal loan,Consumer credit,Female,Local,19.2,1529000,36,0,0
KZ2026000131,2020-10-08,Almaty,KZT,Personal loan,Consumer credit,Female,Local,15.9,1248000,45,0,0
KZ2026000132,2021-01-11,Turkistan,KZT,Personal loan,Consumer credit,Male,Local,14.6,313000,47,0,0
KZ2026000133,2020-09-10,West Kazakhstan,KZT,Personal loan,Consumer credit,Male,Local,35.2,1125000,51,0,0
KZ2026000134,2021-04-10,Aktobe,KZT,Personal loan,Consumer credit,Female,Local,14.4,2084000,41,0,0
KZ2026000135,2019-03-09,West Kazakhstan,KZT,Personal loan,Consumer credit,Female,Local,20.2,1349000,41,331,1
KZ2026000136,2019-10-14,Nur-Sultan,KZT,Personal loan,Consumer credit,Female,Local,21.9,2695000,45,0,0
KZ2026000137,2019-02-22,Shymkent,KZT,Credit card,Consumer credit,Male,Local,37.1,264000,30,0,0
KZ2026000138,2019-06-02,East Kazakhstan,KZT,Personal loan,Consumer credit,Female,Local,15.2,812000,30,0,0
KZ2026000139,2019-11-26,Mangystau,KZT,Personal loan,Consumer credit,Female,Local,32.0,464000,36,0,0
KZ2026000140,2019-01-21,Nur-Sultan,KZT,Personal loan,Consumer credit,Female,Local,17.7,850000,23,0,0
KZ2026000141,2019-12-16,East Kazakhstan,KZT,Personal loan,Consumer credit,Male,Local,20.4,6381000,41,0,0
KZ2026000142,2019-04-23,East Kazakhstan,KZT,Personal loan,Auto loan,Female,Local,25.9,4528000,49,0,0
KZ2026000143,2019-04-11,Shymkent,EUR,Personal loan,Consumer credit,Female,Local,9.3,1297000,29,0,0
KZ2026000144,2021-01-07,West Kazakhstan,KZT,Personal loan,Consumer credit,Male,Local,32.5,308000,42,0,0
KZ2026000145,2020-10-19,Atyrau,KZT,Personal loan,Consumer credit,Male,Local,25.9,592000,30,0,0
KZ2026000146,2020-02-07,Akmola,KZT,Personal loan,Consumer credit,Male,Local,21.3,2288000,26,0,0
KZ2026000147,2020-05-15,Aktobe,KZT,Personal loan,Consumer credit,Male,Local,42.0,835000,60,0,0
KZ2026000148,2019-09-15,East Kazakhstan,KZT,Personal loan,Consumer credit,Female,Local,23.0,531000,26,0,0
KZ2026000149,2020-03-04,Atyrau,KZT,Credit card,Consumer credit,Male,Local,33.3,185000,23,0,0
KZ2026000150,2020-11-15,Nur-Sultan,KZT,Personal loan,Consumer credit,Female,Local,19.4,2084000,39,0,0
KZ2026000151,2020-04-05,Pavlodar,KZT,Personal loan,Consumer credit,Male,Local,24.1,1120000,40,0,0
KZ2026000152,2020-12-01,Turkistan,KZT,Personal loan,Consumer credit,Female,Foreigner,33.8,704000,44,0,0
KZ2026000153,2020-03-04,Almaty,KZT,Personal loan,Consumer credit,Female,Local,3.9,923000,59,0,0
KZ2026000154,2019-11-16,Zhambyl,KZT,Personal loan,Auto loan,Female,Local,18.6,10793000,28,0,0
KZ2026000155,2021-03-01,Nur-Sultan,KZT,Personal loan,Consumer credit,Female,Local,12.5,3384000,31,0,0
KZ2026000156,2021-03-06,Karaganda,KZT,Personal loan,Auto loan,Male,Local,20.2,7746000,55,0,0
KZ2026000157,2019-07-21,Akmola,KZT,Personal loan,Consumer credit,Female,Local,23.5,271000,71,0,0
KZ2026000158,2020-02-13,Karaganda,KZT,Personal loan,Consumer credit,Female,Local,31.3,1055000,46,0,0
KZ2026000159,2020-11-13,Kostanay,KZT,Personal loan,Consumer credit,Male,Local,14.5,694000,31,0,0
KZ2026000160,2019-08-19,Kyzylorda,KZT,Credit card,Consumer credit,Female,Local,26.9,526000,49,217,1
KZ2026000161,2020-10-23,Nur-Sultan,USD,Personal loan,Consumer credit,Male,Local,13.5,4636000,46,0,0
KZ2026000162,2021-03-05,Turkistan,USD,Personal loan,Consumer credit,Female,Local,27.6,815000,39,0,0
KZ2026000163,2019-07-28,Almaty,KZT,Personal loan,Consumer credit,Male,Local,32.3,2034000,31,0,0
KZ2026000164,2019-05-16,Nur-Sultan,KZT,Personal loan,Consumer credit,Female,Local,26.2,2213000,38,0,0
KZ2026000165,2021-04-14,Zhambyl,KZT,Credit card,Consumer credit,Male,Local,29.7,389000,55,129,1
KZ2026000166,2021-05-29,Almaty Region,KZT,Personal loan,Consumer credit,Male,Local,25.8,1340000,25,0,0
KZ2026000167,2021-01-28,Pavlodar,KZT,Personal loan,Consumer credit,Male,Local,25.5,1252000,28,0,0
KZ2026000168,2020-06-25,Pavlodar,KZT,Personal loan,Consumer credit,Female,Local,19.0,1508000,30,0,0
KZ2026000169,2019-03-17,Aktobe,KZT,Personal loan,Consumer credit,Male,Local,25.1,2205000,32,160,1
KZ2026000170,2021-03-19,Shymkent,KZT,Personal loan,Consumer credit,Female,Local,29.0,2050000,37,0,0
KZ2026000171,2019-06-25,Akmola,USD,Credit card,Consumer credit,Female,Local,19.8,614000,48,0,0
KZ2026000172,2019-06-07,East Kazakhstan,KZT,Personal loan,Consumer credit,Female,Local,0.0,1114000,42,0,0
KZ2026000173,2020-09-25,Almaty,KZT,Personal loan,Consumer credit,Male,Local,5.7,618000,38,0,0
KZ2026000174,2019-12-10,Shymkent,USD,Personal loan,Consumer credit,Female,Local,24.5,816000,40,0,0
KZ2026000175,2021-02-05,Almaty,KZT,Personal loan,Auto loan,Female,Local,11.1,2902000,44,0,0
KZ2026000176,2021-02-10,Nur-Sultan,KZT,Credit card,Auto loan,Male,Local,29.5,5769000,19,0,0
KZ2026000177,2020-12-12,Almaty Region,KZT,Personal loan,Consumer credit,Male,Local,19.2,1149000,49,283,1
KZ2026000178,2021-01-09,Shymkent,KZT,Personal loan,Consumer credit,Female,Local,13.4,2408000,28,0,0
KZ2026000179,2020-04-27,Turkistan,KZT,Personal loan,Consumer credit,Male,Local,7.7,2062000,32,0,0
KZ2026000180,2021-02-08,Kyzylorda,KZT,Personal loan,Consumer credit,Male,Local,4.6,2457000,41,107,1
KZ2026000181,2021-03-19,Turkistan,RUB,Personal loan,Consumer credit,Male,Local,29.3,1403000,36,0,0
KZ2026000182,2019-09-05,Turkistan,KZT,Personal loan,Consumer credit,Female,Local,18.6,2247000,42,0,0
KZ2026000183,2020-01-11,East Kazakhstan,KZT,Personal loan,Consumer credit,Female,Local,32.1,321000,39,0,0
KZ2026000184,2020-06-29,Aktobe,KZT,Personal loan,Auto loan,Female,Local,13.1,8603000,34,0,0
KZ2026000185,2021-01-28,Mangystau,KZT,Personal loan,Consumer credit,Female,Foreigner,28.2,8235000,54,169,1
KZ2026000186,2019-12-11,Karaganda,KZT,Personal loan,Auto loan,Male,Local,16.1,6126000,45,0,0
KZ2026000187,2019-08-18,Almaty Region,KZT,Personal loan,Consumer credit,Male,Local,23.2,2381000,40,0,0
KZ2026000188,2019-10-11,Nur-Sultan,KZT,Personal loan,Consumer credit,Male,Local,18.4,1979000,45,0,0
KZ2026000189,2020-12-07,Kyzylorda,KZT,Personal loan,Consumer credit,Male,Local,11.8,912000,90,0,0
KZ2026000190,2020-04-04,Almaty,KZT,Personal loan,Consumer credit,Male,Local,29.6,1093000,61,0,0
KZ2026000191,2019-08-14,Shymkent,KZT,Credit card,Consumer credit,Female,Local,43.7,721000,25,0,0
KZ2026000192,2020-09-23,Almaty,KZT,Personal loan,Consumer credit,Male,Local,38.1,525000,38,0,0
KZ2026000193,2020-08-05,Almaty,KZT,Personal loan,Consumer credit,Male,Local,18.2,487000,34,0,0
KZ2026000194,2020-04-02,Pavlodar,KZT,Personal loan,Consumer credit,Male,Local,16.3,856000,33,0,0
KZ2026000195,2020-07-01,Almaty,KZT,Personal loan,Consumer credit,Male,Local,17.4,2096000,32,0,0
KZ2026000196,2019-07-23,Almaty,KZT,Personal loan,Consumer credit,Male,Local,21.5,575000,29,0,0
KZ2026000197,2019-06-11,West Kazakhstan,KZT,Personal loan,Consumer credit,Male,Local,22.3,991000,50,0,0
KZ2026000198,2020-12-14,North Kazakhstan,KZT,Personal loan,Consumer credit,Male,Local,13.8,1096000,24,0,0
KZ2026000199,2020-08-23,Almaty,KZT,Personal loan,Consumer credit,Female,Local,9.8,508000,48,0,0
KZ2026000200,2021-05-13,Akmola,KZT,Credit card,Consumer credit,Female,Local,32.4,56000,44,0,0
KZ2026000201,2021-04-09,Mangystau,KZT,Personal loan,Consumer credit,Female,Local,0.0,501000,33,351,1
KZ2026000202,2019-11-17,Shymkent,KZT,Personal loan,Auto loan,Female,Local,15.4,4498000,43,0,0
KZ2026000203,2020-02-13,East Kazakhstan,KZT,Personal loan,Consumer credit,Female,Local,14.0,1814000,35,0,0
KZ2026000204,2021-01-19,Almaty,KZT,Personal loan,Consumer credit,Female,Local,29.5,1827000,25,0,0
KZ2026000205,2019-01-03,Nur-Sultan,KZT,Personal loan,Consumer credit,Female,Local,31.9,2015000,25,0,0
KZ2026000206,2021-02-01,Almaty,KZT,Personal loan,Consumer credit,Female,Local,32.6,705000,44,0,0
KZ2026000207,2019-05-29,Almaty,KZT,Personal loan,Consumer credit,Male,Local,20.0,587000,44,0,0
KZ2026000208,2019-08-19,Karaganda,KZT,Personal loan,Consumer credit,Male,Local,12.3,1651000,40,0,0
KZ2026000209,2020-03-01,Almaty,KZT,Personal loan,Consumer credit,Male,Local,15.5,1002000,33,0,0
KZ2026000210,2020-09-14,East Kazakhstan,KZT,Credit card,Consumer credit,Male,Local,33.3,691000,35,0,0
KZ2026000211,2019-11-09,Kostanay,KZT,Personal loan,Auto loan,Female,Local,6.1,4749000,33,0,0
KZ2026000212,2021-04-08,West Kazakhstan,KZT,Personal loan,Consumer credit,Male,Local,34.7,3574000,18,0,0
KZ2026000213,2020-11-22,Almaty,KZT,Personal loan,Consumer credit,Female,Local,19.9,808000,38,0,0
KZ2026000214,2020-10-15,Pavlodar,KZT,Personal loan,Consumer credit,Female,Local,26.7,2973000,43,0,0
KZ2026000215,2020-11-13,Kostanay,KZT,Personal loan,Consumer credit,Male,Local,5.8,6765000,38,209,1
KZ2026000216,2019-01-27,Kyzylorda,KZT,Personal loan,Consumer credit,Male,Local,14.3,1256000,56,0,0
KZ2026000217,2020-12-27,Almaty,KZT,Personal loan,Auto loan,Male,Local,4.5,5008000,26,0,0
KZ2026000218,2020-06-17,Almaty,KZT,Personal loan,Auto loan,Male,Local,22.4,2632000,30,0,0
KZ2026000219,2019-06-14,Turkistan,KZT,Personal loan,Consumer credit,Female,Local,20.9,2566000,38,255,1
KZ2026000220,2020-11-18,Almaty Region,KZT,Personal loan,Consumer credit,Female,Local,27.3,3133000,40,0,0
KZ2026000221,2019-04-04,Akmola,KZT,Personal loan,Auto loan,Female,Local,16.6,3202000,18,0,0
KZ2026000222,2020-06-29,East Kazakhstan,KZT,Personal loan,Consumer credit,Female,Local,26.7,1975000,44,358,1
KZ2026000223,2020-05-17,Karaganda,KZT,Personal loan,Consumer credit,Female,Local,19.5,1523000,40,0,0
KZ2026000224,2019-01-26,Shymkent,KZT,Personal loan,Consumer credit,Female,Local,20.7,1673000,18,0,0
KZ2026000225,2019-11-27,Akmola,KZT,Personal loan,Consumer credit,Male,Local,21.5,2393000,80,0,0
KZ2026000226,2019-04-17,Turkistan,KZT,Personal loan,Consumer credit,Male,Local,26.1,1865000,28,0,0
KZ2026000227,2021-04-15,Nur-Sultan,KZT,Personal loan,Auto loan,Male,Local,18.7,3757000,32,0,0
KZ2026000228,2020-12-08,Zhambyl,KZT,Personal loan,Consumer credit,Male,Local,47.6,2437000,63,0,0
KZ2026000229,2021-05-29,Karaganda,KZT,Personal loan,Consumer credit,Female,Local,37.3,3088000,42,0,0
KZ2026000230,2020-03-06,Nur-Sultan,KZT,Personal loan,Consumer credit,Female,Local,6.9,749000,56,0,0
KZ2026000231,2019-10-18,Almaty,KZT,Credit card,Consumer credit,Male,Local,30.2,350000,40,190,1
KZ2026000232,2021-04-25,Almaty Region,KZT,Personal loan,Consumer credit,Female,Local,19.8,267000,18,0,0
KZ2026000233,2019-09-28,Shymkent,KZT,Personal loan,Consumer credit,Male,Local,34.0,1971000,40,0,0
KZ2026000234,2020-01-02,West Kazakhstan,KZT,Personal loan,Auto loan,Male,Local,13.9,6936000,35,0,0
KZ2026000235,2019-04-29,Turkistan,KZT,Personal loan,Consumer credit,Female,Local,27.0,964000,25,156,1
KZ2026000236,2020-12-26,Pavlodar,KZT,Personal loan,Consumer credit,Female,Local,1.6,1344000,41,0,0
KZ2026000237,2019-04-16,Atyrau,RUB,Personal loan,Consumer credit,Female,Local,9.1,1175000,47,0,0
KZ2026000238,2019-02-01,Mangystau,KZT,Personal loan,Consumer credit,Male,Local,41.4,1462000,30,0,0
KZ2026000239,2021-01-05,Nur-Sultan,KZT,Credit card,Consumer credit,Female,Local,32.1,194000,19,0,0
KZ2026000240,2021-01-12,Nur-Sultan,KZT,Personal loan,Auto loan,Female,Local,10.1,3598000,18,0,0
KZ2026000241,2021-01-23,Pavlodar,KZT,Personal loan,Consumer credit,Female,Local,25.3,556000,30,0,0
KZ2026000242,2021-01-28,Mangystau,KZT,Personal loan,Consumer credit,Male,Local,13.0,1980000,35,0,0
KZ2026000243,2019-05-06,Almaty,KZT,Personal loan,Consumer credit,Female,Local,20.0,1471000,31,0,0
KZ2026000244,2019-11-16,Zhambyl,KZT,Personal loan,Consumer credit,Female,Local,9.8,832000,29,0,0
KZ2026000245,2020-11-06,West Kazakhstan,KZT,Personal loan,Consumer credit,Female,Local,15.6,1238000,43,0,0
KZ2026000246,2019-10-01,North Kazakhstan,KZT,Personal loan,Consumer credit,Female,Local,19.1,995000,42,122,1
KZ2026000247,2020-11-18,West Kazakhstan,KZT,Credit card,Consumer credit,Female,Local,39.9,825000,39,0,0
KZ2026000248,2021-03-14,Almaty Region,KZT,Credit card,Consumer credit,Female,Local,35.2,251000,46,0,0
KZ2026000249,2021-04-28,Almaty Region,KZT,Personal loan,Consumer credit,Female,Local,28.2,2059000,30,0,0
KZ2026000250,2020-11-17,Almaty Region,KZT,Personal loan,Consumer credit,Male,Local,22.8,659000,25,0,0
KZ2026000251,2020-12-04,Karaganda,USD,Credit card,Consumer credit,Male,Local,30.0,1155000,31,0,0
KZ2026000252,2020-06-11,North Kazakhstan,KZT,Personal loan,Consumer credit,Male,Local,15.6,3017000,30,0,0
KZ2026000253,2019-03-10,Atyrau,KZT,Personal loan,Consumer credit,Female,Local,25.7,4190000,18,0,0
KZ2026000254,2020-01-21,Almaty,KZT,Personal loan,Consumer credit,Male,Local,20.1,1539000,31,199,1
KZ2026000255,2021-04-21,Almaty,KZT,Credit card,Consumer credit,Male,Local,30.8,886000,49,0,0
KZ2026000256,2021-03-16,Kyzylorda,KZT,Credit card,Consumer credit,Female,Local,29.4,1183000,46,235,1
KZ2026000257,2019-07-30,Pavlodar,KZT,Personal loan,Consumer credit,Female,Local,34.5,462000,43,351,1
KZ2026000258,2020-10-21,Nur-Sultan,KZT,Personal loan,Auto loan,Male,Local,24.1,3049000,38,0,0
KZ2026000259,2019-09-29,Nur-Sultan,KZT,Personal loan,Consumer credit,Male,Local,17.7,337000,53,0,0
KZ2026000260,2020-01-04,West Kazakhstan,KZT,Personal loan,Consumer credit,Female,Local,6.4,2957000,25,0,0
KZ2026000261,2020-07-27,Almaty,KZT,Credit card,Auto loan,Male,Local,24.7,2029000,26,0,0
KZ2026000262,2020-03-14,Pavlodar,KZT,Personal loan,Consumer credit,Male,Local,15.4,264000,49,0,0
KZ2026000263,2020-06-17,Akmola,KZT,Personal loan,Consumer credit,Male,Local,30.7,472000,37,0,0
KZ2026000264,2019-03-28,Almaty,KZT,Personal loan,Consumer credit,Male,Local,31.8,274000,30,0,0
KZ2026000265,2019-09-19,Turkistan,KZT,Personal loan,Consumer credit,Female,Local,13.3,1512000,43,0,0
KZ2026000266,2020-12-16,Almaty,KZT,Credit card,Consumer credit,Male,Local,25.7,155000,32,0,0
KZ2026000267,2020-06-30,Akmola,KZT,Personal loan,Consumer credit,Male,Local,10.1,285000,28,0,0
KZ2026000268,2021-01-13,Almaty,KZT,Personal loan,Consumer credit,Male,Local,23.9,1158000,27,0,0
KZ2026000269,2021-05-02,Almaty,RUB,Personal loan,Auto loan,Male,Local,15.6,5860000,41,0,0
KZ2026000270,2019-11-11,Nur-Sultan,KZT,Personal loan,Consumer credit,Male,Local,30.1,654000,39,0,0
KZ2026000271,2019-08-22,Nur-Sultan,RUB,Personal loan,Consumer credit,Female,Local,27.1,1314000,54,0,0
KZ2026000272,2019-10-01,Almaty,KZT,Personal loan,Consumer credit,Male,Local,28.3,907000,34,0,0
KZ2026000273,2020-05-20,Nur-Sultan,KZT,Personal loan,Auto loan,Male,Local,6.5,6800000,34,0,0
KZ2026000274,2019-08-11,West Kazakhstan,KZT,Personal loan,Consumer credit,Male,Local,16.1,7440000,53,0,0
KZ2026000275,2019-12-11,Karaganda,KZT,Personal loan,Consumer credit,Female,Local,31.4,919000,48,0,0
KZ2026000276,2019-06-03,Almaty Region,KZT,Personal loan,Consumer credit,Male,Local,18.4,390000,89,0,0
KZ2026000277,2019-12-07,Aktobe,KZT,Personal loan,Consumer credit,Female,Local,8.2,983000,20,0,0
KZ2026000278,2021-04-16,East Kazakhstan,KZT,Personal loan,Consumer credit,Female,Local,29.9,1415000,28,0,0
KZ2026000279,2020-01-10,North Kazakhstan,KZT,Personal loan,Consumer credit,Female,Local,17.5,1147000,25,0,0
KZ2026000280,2020-11-01,North Kazakhstan,KZT,Personal loan,Auto loan,Female,Foreigner,24.8,5265000,37,0,0
KZ2026000281,2020-01-16,Nur-Sultan,KZT,Personal loan,Auto loan,Male,Local,13.9,10823000,31,0,0
KZ2026000282,2020-01-18,Almaty,KZT,Personal loan,Auto loan,Female,Local,24.7,1850000,55,0,0
KZ2026000283,2020-08-04,Almaty,KZT,Personal loan,Consumer credit,Female,Local,11.2,780000,20,0,0
KZ2026000284,2019-04-08,Almaty,KZT,Personal loan,Consumer credit,Male,Local,34.9,4447000,24,0,0
KZ2026000285,2019-11-10,Zhambyl,KZT,Credit card,Consumer credit,Female,Local,26.4,237000,40,0,0
KZ2026000286,2019-05-04,Almaty Region,KZT,Personal loan,Consumer credit,Male,Local,23.8,2348000,43,0,0
KZ2026000287,2019-06-25,Nur-Sultan,KZT,Personal loan,Consumer credit,Female,Local,24.0,2052000,18,0,0
KZ2026000288,2020-09-18,Almaty Region,KZT,Credit card,Consumer credit,Female,Local,27.4,885000,18,0,0
KZ2026000289,2019-06-04,East Kazakhstan,KZT,Personal loan,Consumer credit,Female,Local,15.0,6102000,34,283,1
KZ2026000290,2019-06-29,Nur-Sultan,KZT,Credit card,Consumer credit,Male,Local,28.3,449000,52,0,0
KZ2026000291,2020-05-20,Pavlodar,KZT,Personal loan,Consumer credit,Female,Local,14.3,272000,58,0,0
KZ2026000292,2019-11-04,Nur-Sultan,KZT,Credit card,Consumer credit,Female,Local,47.3,207000,32,234,1
KZ2026000293,2019-04-19,Turkistan,KZT,Credit card,Consumer credit,Male,Local,26.6,1803000,35,0,0
KZ2026000294,2021-04-25,Nur-Sultan,KZT,Credit card,Consumer credit,Female,Local,41.2,121000,28,0,0
KZ2026000295,2021-03-26,Pavlodar,KZT,Personal loan,Consumer credit,Female,Local,31.7,1831000,44,0,0
KZ2026000296,2020-05-28,Turkistan,USD,Personal loan,Consumer credit,Female,Local,21.1,243000,54,0,0
KZ2026000297,2020-04-08,Shymkent,KZT,Personal loan,Consumer credit,Female,Local,24.1,2550000,51,0,0
KZ2026000298,2020-12-14,Pavlodar,KZT,Personal loan,Auto loan,Male,Local,19.5,4065000,37,0,0
KZ2026000299,2021-05-09,Mangystau,KZT,Personal loan,Consumer credit,Male,Local,23.8,871000,28,0,0
KZ2026000300,2019-04-02,Karaganda,KZT,Credit card,Consumer credit,Male,Foreigner,22.4,190000,37,0,0
KZ2026000301,2019-03-28,Mangystau,RUB,Personal loan,Consumer credit,Male,Local,36.9,339000,52,0,0
KZ2026000302,2019-10-19,Almaty,KZT,Personal loan,Consumer credit,Male,Local,0.0,943000,33,0,0
KZ2026000303,2019-09-26,Zhambyl,KZT,Personal loan,Consumer credit,Female,Local,25.1,329000,18,0,0
KZ2026000304,2021-03-01,East Kazakhstan,EUR,Personal loan,Consumer credit,Male,Local,16.5,2216000,33,356,1
KZ2026000305,2020-03-24,North Kazakhstan,KZT,Personal loan,Consumer credit,Female,Local,11.8,3960000,34,0,0
KZ2026000306,2020-12-16,Atyrau,KZT,Personal loan,Consumer credit,Male,Local,25.6,1967000,18,0,0
KZ2026000307,2020-08-12,Almaty Region,KZT,Personal loan,Consumer credit,Male,Local,24.6,1012000,40,0,0
KZ2026000308,2020-09-30,Karaganda,KZT,Credit card,Auto loan,Female,Local,52.1,4214000,43,0,0
KZ2026000309,2021-04-24,Almaty,KZT,Personal loan,Consumer credit,Female,Local,23.9,1240000,57,0,0
KZ2026000310,2020-06-02,Almaty,KZT,Personal loan,Consumer credit,Male,Local,35.2,658000,22,0,0
KZ2026000311,2020-11-16,East Kazakhstan,KZT,Personal loan,Consumer credit,Female,Local,9.2,1257000,45,0,0
KZ2026000312,2019-08-26,Almaty Region,RUB,Credit card,Consumer credit,Male,Local,39.0,928000,48,0,0
KZ2026000313,2019-08-18,Almaty,KZT,Credit card,Consumer credit,Male,Local,32.8,633000,43,0,0
KZ2026000314,2020-05-31,Almaty Region,KZT,Personal loan,Consumer credit,Male,Local,25.4,676000,26,0,0
KZ2026000315,2021-03-07,Almaty Region,KZT,Personal loan,Consumer credit,Female,Local,25.0,2061000,25,0,0
KZ2026000316,2019-02-14,Aktobe,KZT,Personal loan,Auto loan,Male,Local,26.2,4932000,38,0,0
KZ2026000317,2020-03-18,Almaty Region,KZT,Personal loan,Consumer credit,Female,Local,25.3,656000,38,0,0
KZ2026000318,2019-06-28,Kostanay,KZT,Personal loan,Consumer credit,Female,Local,15.9,809000,31,0,0
KZ2026000319,2021-02-19,Akmola,KZT,Personal loan,Consumer credit,Male,Local,16.9,2138000,51,0,0
KZ2026000320,2020-04-02,Shymkent,KZT,Personal loan,Consumer credit,Female,Local,29.4,3868000,33,0,0
KZ2026000321,2019-02-07,Turkistan,KZT,Personal loan,Consumer credit,Male,Local,27.5,257000,18,0,0
KZ2026000322,2019-01-02,East Kazakhstan,KZT,Personal loan,Consumer credit,Male,Local,8.2,4837000,35,0,0
KZ2026000323,2020-07-18,Aktobe,KZT,Credit card,Consumer credit,Male,Local,35.0,838000,42,213,1
KZ2026000324,2019-07-25,Zhambyl,KZT,Personal loan,Consumer credit,Male,Local,12.9,1421000,41,0,0
KZ2026000325,2019-02-06,North Kazakhstan,KZT,Personal loan,Consumer credit,Male,Local,26.8,978000,41,0,0
KZ2026000326,2019-05-15,Karaganda,KZT,Personal loan,Consumer credit,Male,Local,15.3,1672000,53,0,0
KZ2026000327,2019-05-17,Pavlodar,KZT,Credit card,Consumer credit,Female,Local,29.3,216000,25,0,0
KZ2026000328,2019-11-02,Zhambyl,KZT,Personal loan,Consumer credit,Male,Local,17.9,1032000,32,294,1
KZ2026000329,2020-09-26,Karaganda,KZT,Personal loan,Consumer credit,Male,Local,37.0,343000,54,0,0
KZ2026000330,2021-01-27,Akmola,KZT,Personal loan,Consumer credit,Female,Local,27.1,273000,18,126,1
KZ2026000331,2020-04-14,Kyzylorda,RUB,Personal loan,Consumer credit,Male,Local,32.8,13590000,36,0,0
KZ2026000332,2021-04-16,Almaty,KZT,Credit card,Consumer credit,Female,Local,54.4,408000,51,0,0
KZ2026000333,2020-11-29,Kostanay,KZT,Personal loan,Consumer credit,Female,Local,23.1,1169000,50,0,0
KZ2026000334,2019-05-26,North Kazakhstan,KZT,Personal loan,Consumer credit,Male,Local,36.6,594000,44,235,1
KZ2026000335,2020-10-11,Almaty,KZT,Personal loan,Consumer credit,Male,Local,16.5,924000,45,0,0
KZ2026000336,2019-07-24,Karaganda,KZT,Personal loan,Consumer credit,Male,Local,34.0,1297000,26,162,1
KZ2026000337,2021-04-30,Nur-Sultan,KZT,Personal loan,Consumer credit,Male,Local,15.5,1015000,52,0,0
KZ2026000338,2021-01-17,Kostanay,KZT,Personal loan,Consumer credit,Female,Local,22.9,633000,24,0,0
KZ2026000339,2019-02-26,Nur-Sultan,KZT,Personal loan,Consumer credit,Female,Local,27.3,1804000,24,0,0
KZ2026000340,2019-06-02,Shymkent,KZT,Personal loan,Consumer credit,Female,Local,28.9,1408000,41,0,0
KZ2026000341,2020-01-25,Almaty,KZT,Credit card,Consumer credit,Male,Local,21.0,470000,32,0,0
KZ2026000342,2020-10-16,Shymkent,KZT,Credit card,Consumer credit,Female,Foreigner,26.1,594000,91,0,0
KZ2026000343,2020-05-02,Pavlodar,KZT,Credit card,Consumer credit,Male,Local,28.5,308000,42,0,0
KZ2026000344,2019-03-17,West Kazakhstan,KZT,Personal loan,Consumer credit,Female,Local,10.2,1040000,57,0,0
KZ2026000345,2020-07-08,Mangystau,KZT,Personal loan,Consumer credit,Female,Local,21.4,4231000,42,0,0
KZ2026000346,2020-07-26,Mangystau,KZT,Personal loan,Consumer credit,Male,Local,22.1,538000,30,0,0
KZ2026000347,2021-03-31,Shymkent,KZT,Credit card,Consumer credit,Male,Local,33.4,86000,44,0,0
KZ2026000348,2019-08-23,Almaty,KZT,Personal loan,Consumer credit,Male,Local,27.2,1924000,28,0,0
KZ2026000349,2019-02-03,West Kazakhstan,KZT,Personal loan,Consumer credit,Female,Local,27.2,703000,47,0,0
KZ2026000350,2020-10-23,Nur-Sultan,KZT,Personal loan,Consumer credit,Male,Local,16.3,480000,38,0,0
KZ2026000351,2020-09-12,Karaganda,KZT,Personal loan,Consumer credit,Female,Local,18.6,2547000,41,0,0
KZ2026000352,2020-04-03,Almaty,KZT,Credit card,Consumer credit,Male,Local,38.8,314000,18,0,0
KZ2026000353,2020-09-03,Zhambyl,KZT,Personal loan,Consumer credit,Male,Local,18.4,410000,18,0,0
KZ2026000354,2019-06-07,West Kazakhstan,KZT,Personal loan,Consumer credit,Female,Local,18.3,6215000,20,0,0
KZ2026000355,2019-04-21,Atyrau,KZT,Personal loan,Consumer credit,Male,Local,9.9,305000,56,0,0
KZ2026000356,2019-12-22,East Kazakhstan,KZT,Personal loan,Consumer credit,Male,Local,22.5,1115000,24,215,1
KZ2026000357,2021-02-28,Kyzylorda,KZT,Personal loan,Auto loan,Female,Local,18.6,1709000,45,0,0
KZ2026000358,2020-03-30,Mangystau,KZT,Credit card,Consumer credit,Male,Local,15.4,429000,30,0,0
KZ2026000359,2020-07-18,East Kazakhstan,KZT,Personal loan,Consumer credit,Female,Local,13.4,696000,34,0,0
KZ2026000360,2021-05-29,West Kazakhstan,KZT,Personal loan,Consumer credit,Female,Local,9.5,2408000,37,0,0
KZ2026000361,2019-09-25,Turkistan,KZT,Personal loan,Consumer credit,Male,Local,29.8,1182000,55,0,0
KZ2026000362,2020-02-29,Almaty,KZT,Personal loan,Consumer credit,Female,Local,4.9,3782000,43,0,0
KZ2026000363,2020-08-28,Almaty,KZT,Personal loan,Consumer credit,Male,Local,22.2,833000,41,0,0
KZ2026000364,2019-05-14,Nur-Sultan,KZT,Personal loan,Consumer credit,Female,Local,29.9,307000,51,109,1
KZ2026000365,2019-12-21,Karaganda,KZT,Credit card,Consumer credit,Female,Local,32.8,418000,30,0,0
KZ2026000366,2020-05-05,Almaty Region,KZT,Personal loan,Consumer credit,Female,Local,18.9,968000,49,203,1
KZ2026000367,2019-09-26,Mangystau,KZT,Personal loan,Consumer credit,Female,Local,26.6,256000,47,0,0
KZ2026000368,2019-07-14,Karaganda,KZT,Personal loan,Consumer credit,Male,Local,32.5,489000,47,0,0
KZ2026000369,2020-01-22,Aktobe,KZT,Personal loan,Consumer credit,Female,Local,22.1,641000,35,0,0
KZ2026000370,2021-02-15,Turkistan,KZT,Personal loan,Consumer credit,Male,Local,1.9,4501000,32,0,0
KZ2026000371,2020-01-03,Kyzylorda,KZT,Credit card,Consumer credit,Female,Local,40.3,595000,27,0,0
KZ2026000372,2021-01-06,Akmola,KZT,Personal loan,Consumer credit,Male,Local,26.5,893000,28,0,0
KZ2026000373,2020-08-20,Almaty Region,KZT,Credit card,Consumer credit,Male,Local,30.9,498000,98,0,0
KZ2026000374,2019-04-24,Aktobe,KZT,Personal loan,Auto loan,Male,Local,4.7,1598000,41,0,0
KZ2026000375,2021-03-18,Almaty,KZT,Personal loan,Consumer credit,Male,Local,20.3,742000,34,0,0
KZ2026000376,2020-06-03,Almaty,KZT,Personal loan,Consumer credit,Male,Local,14.6,1687000,42,0,0
KZ2026000377,2020-05-17,Shymkent,KZT,Personal loan,Auto loan,Male,Local,8.7,4309000,42,0,0
KZ2026000378,2020-09-07,Almaty Region,KZT,Credit card,Consumer credit,Female,Local,30.5,234000,25,0,0
KZ2026000379,2019-02-06,Almaty Region,KZT,Personal loan,Consumer credit,Female,Local,17.9,1162000,25,0,0
KZ2026000380,2019-08-11,Kostanay,RUB,Personal loan,Consumer credit,Male,Local,18.2,1971000,34,0,0
KZ2026000381,2020-12-02,Zhambyl,KZT,Personal loan,Consumer credit,Female,Local,29.0,2495000,28,313,1
KZ2026000382,2020-07-07,Shymkent,KZT,Credit card,Consumer credit,Male,Local,33.3,445000,27,0,0
KZ2026000383,2019-12-10,Mangystau,KZT,Personal loan,Consumer credit,Female,Local,18.0,1853000,56,0,0
KZ2026000384,2020-02-13,East Kazakhstan,KZT,Personal loan,Auto loan,Male,Local,11.9,8649000,20,0,0
KZ2026000385,2020-07-01,Almaty Region,KZT,Personal loan,Consumer credit,Female,Local,18.2,2425000,59,0,0
KZ2026000386,2020-03-01,Shymkent,KZT,Credit card,Consumer credit,Male,Local,28.7,1292000,40,0,0
KZ2026000387,2020-02-08,Kostanay,KZT,Personal loan,Consumer credit,Male,Local,28.3,678000,48,0,0
KZ2026000388,2020-05-01,Shymkent,RUB,Personal loan,Consumer credit,Female,Local,13.8,495000,47,0,0
KZ2026000389,2019-09-06,Almaty,KZT,Credit card,Consumer credit,Female,Local,43.1,296000,44,249,1
KZ2026000390,2020-05-18,North Kazakhstan,KZT,Personal loan,Consumer credit,Female,Local,27.3,4149000,55,122,1
KZ2026000391,2020-09-03,Karaganda,KZT,Personal loan,Consumer credit,Male,Local,0.0,459000,25,0,0
KZ2026000392,2020-09-18,Almaty,KZT,Personal loan,Consumer credit,Female,Local,23.5,1122000,35,0,0
KZ2026000393,2020-07-01,West Kazakhstan,USD,Personal loan,Consumer credit,Female,Local,28.0,2233000,28,0,0
KZ2026000394,2020-02-04,Kostanay,KZT,Personal loan,Consumer credit,Male,Local,19.1,1037000,18,0,0
KZ2026000395,2020-08-01,Nur-Sultan,KZT,Personal loan,Consumer credit,Male,Local,22.0,1628000,30,0,0
KZ2026000396,2020-09-30,Atyrau,KZT,Personal loan,Consumer credit,Male,Local,23.8,3003000,58,0,0
KZ2026000397,2019-10-01,Pavlodar,KZT,Personal loan,Consumer credit,Male,Local,29.0,4427000,35,0,0
KZ2026000398,2020-03-05,Akmola,KZT,Personal loan,Consumer credit,Male,Local,10.0,1234000,59,0,0
KZ2026000399,2020-08-21,Atyrau,KZT,Personal loan,Consumer credit,Male,Local,17.6,600000,60,244,1
KZ2026000400,2020-08-08,Atyrau,KZT,Personal loan,Consumer credit,Female,Local,36.8,4422000,70,0,0
KZ2026000401,2020-03-13,Akmola,KZT,Personal loan,Consumer credit,Female,Local,23.5,480000,58,0,0
KZ2026000402,2019-08-21,Turkistan,KZT,Personal loan,Consumer credit,Female,Local,35.7,5498000,63,0,0
KZ2026000403,2021-03-14,Mangystau,KZT,Personal loan,Consumer credit,Female,Local,49.0,3762000,41,0,0
KZ2026000404,2020-04-23,Nur-Sultan,KZT,Personal loan,Consumer credit,Male,Local,17.6,4256000,40,0,0
KZ2026000405,2020-04-22,Shymkent,KZT,Personal loan,Consumer credit,Female,Local,11.6,2149000,40,0,0
KZ2026000406,2020-02-18,Turkistan,KZT,Personal loan,Consumer credit,Female,Local,21.3,199000,37,0,0
KZ2026000407,2020-11-02,Akmola,KZT,Credit card,Consumer credit,Female,Local,40.5,161000,39,0,0
KZ2026000408,2019-09-24,Pavlodar,KZT,Personal loan,Consumer credit,Male,Local,33.7,1558000,45,0,0
KZ2026000409,2021-04-07,Nur-Sultan,KZT,Personal loan,Consumer credit,Female,Local,43.5,676000,32,0,0
KZ2026000410,2019-02-25,Shymkent,KZT,Personal loan,Consumer credit,Female,Local,22.5,918000,22,0,0
KZ2026000411,2019-01-12,Karaganda,KZT,Personal loan,Consumer credit,Female,Local,26.8,2020000,41,149,1
KZ2026000412,2020-03-26,Karaganda,KZT,Personal loan,Consumer credit,Female,Local,16.4,1039000,29,0,0
KZ2026000413,2021-01-28,Nur-Sultan,KZT,Personal loan,Consumer credit,Female,Local,0.7,426000,31,0,0
KZ2026000414,2019-01-09,Turkistan,KZT,Credit card,Auto loan,Female,Local,29.6,5959000,35,0,0
KZ2026000415,2020-08-22,Nur-Sultan,KZT,Personal loan,Consumer credit,Female,Local,12.1,1859000,33,0,0
KZ2026000416,2019-12-11,Almaty,KZT,Personal loan,Consumer credit,Female,Local,28.6,971000,49,107,1
KZ2026000417,2019-01-20,Almaty,KZT,Personal loan,Consumer credit,Female,Local,5.5,2197000,35,0,0
KZ2026000418,2019-11-24,Mangystau,KZT,Personal loan,Consumer credit,Male,Local,16.0,1301000,50,0,0
KZ2026000419,2020-07-24,Almaty,KZT,Credit card,Consumer credit,Female,Local,33.0,950000,39,0,0
KZ2026000420,2020-07-13,Turkistan,KZT,Personal loan,Auto loan,Male,Local,18.3,4282000,36,0,0
KZ2026000421,2021-01-19,Karaganda,KZT,Personal loan,Consumer credit,Male,Local,21.7,3698000,39,197,1
KZ2026000422,2021-05-21,Nur-Sultan,KZT,Personal loan,Consumer credit,Male,Local,40.3,244000,23,0,0
KZ2026000423,2019-02-18,Nur-Sultan,KZT,Personal loan,Consumer credit,Male,Local,36.6,1773000,41,0,0
KZ2026000424,2021-01-27,Nur-Sultan,KZT,Personal loan,Consumer credit,Male,Local,16.7,856000,46,179,1
KZ2026000425,2019-01-09,West Kazakhstan,KZT,Personal loan,Consumer credit,Male,Local,37.6,578000,48,0,0
KZ2026000426,2021-05-10,Pavlodar,KZT,Personal loan,Consumer credit,Male,Local,38.1,3212000,76,0,0
KZ2026000427,2020-11-14,Almaty,KZT,Personal loan,Consumer credit,Female,Local,21.2,2555000,20,0,0
KZ2026000428,2021-04-19,North Kazakhstan,KZT,Personal loan,Consumer credit,Female,Local,24.0,218000,31,0,0
KZ2026000429,2019-03-01,Nur-Sultan,KZT,Personal loan,Consumer credit,Female,Local,21.9,2204000,52,0,0
KZ2026000430,2019-03-07,Pavlodar,KZT,Personal loan,Consumer credit,Male,Local,16.6,1988000,39,0,0
KZ2026000431,2021-05-20,Turkistan,KZT,Personal loan,Consumer credit,Male,Local,18.1,649000,28,0,0
KZ2026000432,2019-09-06,Mangystau,KZT,Personal loan,Consumer credit,Female,Local,34.9,590000,21,0,0
KZ2026000433,2019-12-03,Kostanay,USD,Personal loan,Consumer credit,Male,Local,23.4,414000,29,0,0
KZ2026000434,2019-09-20,Pavlodar,KZT,Credit card,Consumer credit,Female,Local,24.0,306000,29,0,0
KZ2026000435,2019-05-19,Nur-Sultan,KZT,Personal loan,Consumer credit,Female,Local,15.5,2363000,47,0,0
KZ2026000436,2019-03-04,Almaty,KZT,Personal loan,Consumer credit,Male,Local,21.1,1509000,48,0,0
KZ2026000437,2019-04-30,Almaty,KZT,Personal loan,Consumer credit,Male,Local,31.4,487000,25,0,0
KZ2026000438,2021-01-17,East Kazakhstan,KZT,Personal loan,Consumer credit,Male,Local,14.9,1470000,45,0,0
KZ2026000439,2019-01-24,Kyzylorda,KZT,Credit card,Consumer credit,Female,Local,38.7,289000,44,0,0
KZ2026000440,2021-03-01,Karaganda,KZT,Personal loan,Consumer credit,Male,Local,24.9,542000,24,0,0
KZ2026000441,2019-07-14,North Kazakhstan,KZT,Personal loan,Consumer credit,Female,Local,24.7,311000,36,0,0
KZ2026000442,2020-06-18,Almaty,KZT,Credit card,Auto loan,Female,Local,38.1,5299000,41,0,0
KZ2026000443,2019-08-16,Kyzylorda,KZT,Credit card,Consumer credit,Male,Local,37.9,489000,39,237,1
KZ2026000444,2021-02-25,Almaty,KZT,Personal loan,Consumer credit,Male,Local,9.8,1926000,18,0,0
KZ2026000445,2019-02-05,Akmola,KZT,Personal loan,Consumer credit,Male,Local,13.3,646000,38,0,0
KZ2026000446,2020-09-22,Kostanay,KZT,Personal loan,Consumer credit,Male,Local,20.6,1388000,44,0,0
KZ2026000447,2021-04-05,Shymkent,KZT,Personal loan,Consumer credit,Female,Local,26.5,373000,54,0,0
KZ2026000448,2020-01-25,Karaganda,KZT,Personal loan,Consumer credit,Female,Local,35.4,519000,30,0,0
KZ2026000449,2020-02-03,Nur-Sultan,KZT,Personal loan,Consumer credit,Female,Local,23.3,1235000,31,0,0
KZ2026000450,2019-05-13,Karaganda,KZT,Personal loan,Consumer credit,Male,Local,37.9,1500000,35,0,0
KZ2026000451,2021-02-14,Nur-Sultan,KZT,Personal loan,Auto loan,Male,Local,12.2,1922000,40,0,0
KZ2026000452,2021-04-26,Turkistan,KZT,Personal loan,Consumer credit,Female,Local,18.3,488000,38,0,0
KZ2026000453,2020-03-14,Kostanay,KZT,Personal loan,Consumer credit,Female,Local,20.1,880000,44,0,0
KZ2026000454,2020-09-03,Almaty,KZT,Personal loan,Consumer credit,Female,Local,14.9,2710000,25,0,0
KZ2026000455,2020-10-31,Nur-Sultan,EUR,Personal loan,Consumer credit,Female,Local,27.7,1038000,41,0,0
KZ2026000456,2019-11-09,Almaty,KZT,Personal loan,Consumer credit,Female,Local,18.1,1478000,29,0,0
KZ2026000457,2019-01-04,Shymkent,RUB,Personal loan,Consumer credit,Male,Local,33.0,1295000,35,0,0
KZ2026000458,2019-04-24,Atyrau,KZT,Personal loan,Consumer credit,Male,Local,20.5,383000,56,0,0
KZ2026000459,2021-03-02,Mangystau,KZT,Personal loan,Consumer credit,Female,Local,32.7,687000,22,0,0
KZ2026000460,2020-12-06,Karaganda,KZT,Personal loan,Auto loan,Male,Local,28.9,7627000,34,0,0
KZ2026000461,2019-03-25,West Kazakhstan,KZT,Personal loan,Consumer credit,Female,Local,22.8,4312000,23,0,0
KZ2026000462,2020-12-09,Almaty,KZT,Personal loan,Consumer credit,Male,Local,32.9,2457000,39,91,1
KZ2026000463,2021-02-18,Shymkent,KZT,Personal loan,Consumer credit,Male,Local,44.0,3058000,49,0,0
KZ2026000464,2020-04-24,Akmola,KZT,Personal loan,Consumer credit,Male,Local,27.1,254000,39,201,1
KZ2026000465,2020-02-03,West Kazakhstan,KZT,Personal loan,Auto loan,Female,Local,16.0,2610000,36,0,0
KZ2026000466,2021-06-01,Kostanay,KZT,Credit card,Consumer credit,Female,Local,38.7,277000,52,0,0
KZ2026000467,2021-02-08,Karaganda,KZT,Personal loan,Consumer credit,Male,Local,32.3,9352000,41,0,0
KZ2026000468,2019-12-08,Shymkent,KZT,Personal loan,Consumer credit,Male,Local,22.5,920000,46,0,0
KZ2026000469,2020-02-26,Almaty,KZT,Credit card,Consumer credit,Male,Local,27.2,612000,45,0,0
KZ2026000470,2021-04-11,East Kazakhstan,USD,Credit card,Consumer credit,Male,Local,41.0,618000,18,0,0
KZ2026000471,2021-03-24,Almaty Region,KZT,Personal loan,Consumer credit,Female,Local,33.5,1176000,36,0,0
KZ2026000472,2020-07-10,Atyrau,KZT,Personal loan,Consumer credit,Male,Local,25.6,433000,25,0,0
KZ2026000473,2020-07-26,Almaty,KZT,Credit card,Consumer credit,Male,Local,46.6,46000,28,0,0
KZ2026000474,2020-10-12,Almaty,KZT,Personal loan,Consumer credit,Male,Local,14.5,3568000,53,0,0
KZ2026000475,2019-09-13,Akmola,KZT,Personal loan,Consumer credit,Female,Local,15.3,711000,33,0,0
KZ2026000476,2021-03-20,Akmola,KZT,Personal loan,Auto loan,Female,Local,21.6,1726000,58,0,0
KZ2026000477,2019-09-17,Almaty Region,KZT,Personal loan,Consumer credit,Female,Local,12.3,1741000,22,0,0
KZ2026000478,2021-01-03,Karaganda,KZT,Personal loan,Consumer credit,Female,Local,23.6,1713000,25,0,0
KZ2026000479,2020-12-25,Karaganda,KZT,Personal loan,Consumer credit,Female,Local,36.3,2305000,45,163,1
KZ2026000480,2019-09-12,Almaty Region,KZT,Personal loan,Consumer credit,Male,Local,6.1,3098000,79,0,0
KZ2026000481,2020-12-14,Almaty Region,KZT,Personal loan,Auto loan,Female,Local,18.7,2645000,40,0,0
KZ2026000482,2021-02-04,Almaty,KZT,Personal loan,Consumer credit,Female,Local,34.0,570000,36,0,0
KZ2026000483,2020-03-14,West Kazakhstan,KZT,Credit card,Auto loan,Male,Local,29.9,3466000,35,0,0
KZ2026000484,2020-04-21,Aktobe,KZT,Personal loan,Consumer credit,Female,Local,14.0,2413000,34,0,0
KZ2026000485,2020-03-25,Nur-Sultan,KZT,Credit card,Consumer credit,Female,Local,29.9,72000,39,0,0
KZ2026000486,2019-02-09,Almaty Region,KZT,Credit card,Consumer credit,Female,Local,24.6,385000,44,0,0
KZ2026000487,2020-04-22,Atyrau,KZT,Personal loan,Consumer credit,Male,Local,22.9,2650000,55,0,0
KZ2026000488,2020-08-17,Almaty,KZT,Personal loan,Consumer credit,Male,Local,19.8,2559000,35,0,0
KZ2026000489,2020-05-10,West Kazakhstan,KZT,Personal loan,Auto loan,Female,Local,12.8,5502000,33,0,0
KZ2026000490,2020-03-17,Zhambyl,KZT,Credit card,Auto loan,Male,Local,33.6,6454000,31,0,0
KZ2026000491,2020-03-18,Kostanay,KZT,Personal loan,Consumer credit,Male,Local,38.1,116000,53,0,0
KZ2026000492,2020-04-18,Karaganda,KZT,Personal loan,Auto loan,Male,Local,17.7,8268000,45,0,0
KZ2026000493,2021-03-31,Karaganda,KZT,Credit card,Consumer credit,Male,Local,42.0,448000,18,0,0
KZ2026000494,2019-12-30,Aktobe,KZT,Personal loan,Consumer credit,Female,Local,36.3,3731000,18,0,0
KZ2026000495,2019-07-18,Mangystau,KZT,Credit card,Consumer credit,Female,Local,27.1,145000,28,0,0
KZ2026000496,2019-02-26,Zhambyl,KZT,Personal loan,Consumer credit,Female,Local,26.0,270000,40,0,0
KZ2026000497,2021-02-07,Almaty Region,KZT,Personal loan,Consumer credit,Male,Local,18.1,5478000,37,0,0
KZ2026000498,2019-06-09,Karaganda,KZT,Personal loan,Consumer credit,Male,Local,9.8,546000,43,180,1
KZ2026000499,2020-01-04,Aktobe,KZT,Personal loan,Auto loan,Male,Local,18.3,3478000,35,0,0
KZ2026000500,2020-10-29,East Kazakhstan,KZT,Personal loan,Consumer credit,Male,Local,13.0,1879000,52,0,0
KZ2026000501,2019-06-07,Kyzylorda,KZT,Credit card,Consumer credit,Female,Local,34.9,625000,45,0,0
KZ2026000502,2019-07-26,Turkistan,KZT,Personal loan,Consumer credit,Male,Local,8.2,3001000,38,0,0
KZ2026000503,2020-07-14,Turkistan,KZT,Personal loan,Consumer credit,Male,Local,24.1,1451000,50,0,0
KZ2026000504,2020-07-08,East Kazakhstan,KZT,Credit card,Consumer credit,Female,Foreigner,20.4,159000,19,0,0
KZ2026000505,2019-08-03,East Kazakhstan,KZT,Personal loan,Consumer credit,Female,Local,18.9,2188000,36,0,0
KZ2026000506,2020-04-23,Mangystau,KZT,Personal loan,Consumer credit,Male,Local,18.0,2218000,39,0,0
KZ2026000507,2020-09-13,Aktobe,KZT,Credit card,Consumer credit,Female,Local,41.0,90000,44,0,0
KZ2026000508,2019-07-15,Pavlodar,KZT,Personal loan,Consumer credit,Male,Local,19.2,4008000,18,0,0
KZ2026000509,2020-01-27,East Kazakhstan,KZT,Personal loan,Consumer credit,Female,Local,24.8,145000,34,0,0
KZ2026000510,2019-09-05,Almaty,KZT,Personal loan,Consumer credit,Female,Local,20.5,2891000,41,0,0
KZ2026000511,2021-04-10,Nur-Sultan,RUB,Personal loan,Consumer credit,Male,Local,27.4,997000,42,0,0
KZ2026000512,2019-12-05,Pavlodar,KZT,Personal loan,Consumer credit,Male,Local,31.9,1851000,50,0,0
KZ2026000513,2021-01-25,Nur-Sultan,USD,Personal loan,Consumer credit,Male,Foreigner,27.7,1739000,45,0,0
KZ2026000514,2021-02-16,Akmola,USD,Personal loan,Consumer credit,Female,Local,8.6,1419000,36,0,0
KZ2026000515,2019-05-29,Aktobe,KZT,Personal loan,Consumer credit,Male,Local,20.6,7689000,44,0,0
KZ2026000516,2021-04-11,Almaty,KZT,Personal loan,Auto loan,Female,Local,22.7,2187000,35,0,0
KZ2026000517,2019-02-13,Akmola,KZT,Personal loan,Consumer credit,Female,Local,13.5,80000,39,0,0
KZ2026000518,2019-12-08,Kyzylorda,KZT,Personal loan,Consumer credit,Male,Local,30.9,843000,46,0,0
KZ2026000519,2019-05-21,Nur-Sultan,KZT,Personal loan,Consumer credit,Male,Local,22.4,795000,37,0,0
KZ2026000520,2019-02-10,Pavlodar,KZT,Personal loan,Consumer credit,Male,Local,19.0,871000,41,0,0
KZ2026000521,2020-05-02,North Kazakhstan,KZT,Credit card,Auto loan,Male,Local,39.1,2636000,48,0,0
KZ2026000522,2020-06-14,Almaty Region,KZT,Personal loan,Consumer credit,Female,Local,15.1,2519000,45,0,0
KZ2026000523,2020-05-28,Almaty,KZT,Personal loan,Consumer credit,Female,Local,43.9,371000,51,0,0
KZ2026000524,2020-01-04,West Kazakhstan,KZT,Personal loan,Consumer credit,Male,Local,20.9,1760000,63,0,0
KZ2026000525,2020-11-25,Almaty,KZT,Personal loan,Consumer credit,Female,Local,23.8,2065000,45,0,0
KZ2026000526,2020-03-10,Almaty Region,KZT,Credit card,Consumer credit,Male,Local,43.6,444000,32,0,0
KZ2026000527,2020-04-17,Shymkent,KZT,Personal loan,Consumer credit,Female,Local,24.1,1816000,43,0,0
KZ2026000528,2020-01-26,Shymkent,KZT,Personal loan,Consumer credit,Male,Local,33.0,2689000,42,0,0
KZ2026000529,2019-07-02,Mangystau,KZT,Personal loan,Consumer credit,Female,Local,5.1,1256000,44,0,0
KZ2026000530,2020-07-31,Akmola,KZT,Personal loan,Consumer credit,Male,Local,18.9,894000,53,0,0
KZ2026000531,2021-01-02,Kostanay,KZT,Personal loan,Consumer credit,Male,Local,26.1,1814000,18,0,0
KZ2026000532,2019-09-26,Kostanay,KZT,Credit card,Consumer credit,Female,Local,39.8,549000,54,0,0
KZ2026000533,2020-02-14,Almaty Region,KZT,Personal loan,Auto loan,Male,Local,20.5,5969000,57,0,0
KZ2026000534,2021-02-27,Karaganda,KZT,Personal loan,Consumer credit,Male,Local,29.5,280000,43,0,0
KZ2026000535,2019-07-02,Nur-Sultan,KZT,Personal loan,Auto loan,Male,Local,22.5,3683000,44,0,0
KZ2026000536,2020-01-07,Almaty,KZT,Personal loan,Consumer credit,Female,Local,27.5,485000,34,300,1
KZ2026000537,2019-08-26,Zhambyl,KZT,Personal loan,Consumer credit,Male,Local,3.2,1933000,37,0,0
KZ2026000538,2019-10-29,Almaty,KZT,Personal loan,Consumer credit,Female,Local,35.4,2226000,45,0,0
KZ2026000539,2020-02-10,Almaty,KZT,Personal loan,Consumer credit,Female,Local,15.3,950000,44,0,0
KZ2026000540,2021-03-25,Pavlodar,KZT,Personal loan,Consumer credit,Female,Local,25.9,646000,45,0,0
KZ2026000541,2019-01-12,Shymkent,KZT,Credit card,Auto loan,Male,Local,31.4,5233000,44,0,0
KZ2026000542,2019-11-13,Zhambyl,KZT,Personal loan,Auto loan,Female,Local,16.4,3767000,47,0,0
KZ2026000543,2021-02-03,Pavlodar,KZT,Credit card,Consumer credit,Male,Local,21.9,1020000,46,0,0
KZ2026000544,2019-03-15,Shymkent,KZT,Personal loan,Consumer credit,Female,Local,4.5,5416000,26,0,0
KZ2026000545,2020-03-23,Almaty,KZT,Personal loan,Consumer credit,Male,Local,13.2,2809000,46,0,0
KZ2026000546,2019-05-18,Atyrau,KZT,Credit card,Consumer credit,Female,Local,37.9,417000,57,205,1
KZ2026000547,2020-05-08,Almaty Region,KZT,Personal loan,Consumer credit,Female,Local,8.9,5664000,37,0,0
KZ2026000548,2020-09-22,Nur-Sultan,EUR,Personal loan,Consumer credit,Male,Local,10.0,2601000,53,0,0
KZ2026000549,2020-07-14,Kyzylorda,KZT,Personal loan,Consumer credit,Male,Local,13.8,676000,27,0,0
KZ2026000550,2020-05-11,Almaty Region,KZT,Personal loan,Consumer credit,Male,Local,18.1,660000,37,0,0
KZ2026000551,2020-10-17,Atyrau,KZT,Credit card,Auto loan,Female,Local,30.7,3989000,30,0,0
KZ2026000552,2020-04-17,Almaty,KZT,Personal loan,Consumer credit,Male,Local,25.0,1779000,52,0,0
KZ2026000553,2020-06-25,Almaty,KZT,Credit card,Consumer credit,Female,Local,23.5,121000,55,0,0
KZ2026000554,2019-03-14,Turkistan,KZT,Personal loan,Consumer credit,Male,Local,24.2,819000,36,0,0
KZ2026000555,2019-01-19,Nur-Sultan,KZT,Personal loan,Consumer credit,Female,Local,26.2,1438000,50,0,0
KZ2026000556,2019-05-25,Almaty,KZT,Personal loan,Consumer credit,Male,Local,11.0,2074000,55,0,0
KZ2026000557,2020-04-21,Akmola,KZT,Credit card,Consumer credit,Male,Local,33.1,343000,37,0,0
KZ2026000558,2019-12-16,East Kazakhstan,KZT,Personal loan,Consumer credit,Male,Local,16.1,1477000,38,0,0
KZ2026000559,2019-11-20,West Kazakhstan,KZT,Credit card,Consumer credit,Female,Local,32.8,138000,85,0,0
KZ2026000560,2020-01-31,East Kazakhstan,KZT,Personal loan,Consumer credit,Male,Local,29.6,553000,28,276,1
KZ2026000561,2021-05-23,Nur-Sultan,KZT,Personal loan,Consumer credit,Male,Local,21.1,1139000,38,0,0
KZ2026000562,2019-11-29,Almaty,KZT,Personal loan,Consumer credit,Male,Local,30.7,1852000,61,0,0
KZ2026000563,2020-01-28,Pavlodar,KZT,Personal loan,Consumer credit,Female,Local,29.7,1461000,31,0,0
KZ2026000564,2020-03-19,Karaganda,KZT,Credit card,Consumer credit,Female,Local,38.9,185000,46,0,0
KZ2026000565,2020-11-14,Karaganda,USD,Personal loan,Consumer credit,Male,Local,19.1,1438000,43,0,0
KZ2026000566,2020-10-09,Karaganda,KZT,Personal loan,Consumer credit,Male,Local,25.9,1906000,35,0,0
KZ2026000567,2021-05-14,Kyzylorda,KZT,Personal loan,Consumer credit,Male,Local,7.8,1045000,39,0,0
KZ2026000568,2020-07-15,Nur-Sultan,KZT,Personal loan,Consumer credit,Male,Local,16.0,502000,56,0,0
KZ2026000569,2021-04-22,Almaty Region,KZT,Personal loan,Consumer credit,Female,Local,21.1,654000,43,0,0
KZ2026000570,2020-06-23,Zhambyl,KZT,Credit card,Consumer credit,Male,Local,30.6,352000,45,0,0
KZ2026000571,2020-04-20,Aktobe,KZT,Personal loan,Consumer credit,Female,Local,25.8,1517000,55,0,0
KZ2026000572,2020-05-07,Pavlodar,KZT,Personal loan,Consumer credit,Female,Local,15.2,1941000,34,0,0
KZ2026000573,2020-02-28,East Kazakhstan,KZT,Personal loan,Consumer credit,Female,Local,40.6,1669000,25,0,0
KZ2026000574,2019-06-27,Kyzylorda,KZT,Personal loan,Consumer credit,Male,Local,21.9,876000,56,0,0
KZ2026000575,2019-11-20,North Kazakhstan,KZT,Personal loan,Consumer credit,Female,Local,22.9,777000,39,0,0
KZ2026000576,2020-06-17,East Kazakhstan,KZT,Personal loan,Consumer credit,Male,Local,15.8,6836000,47,0,0
KZ2026000577,2020-06-19,Turkistan,KZT,Personal loan,Consumer credit,Male,Foreigner,16.5,748000,29,0,0
KZ2026000578,2019-05-20,West Kazakhstan,KZT,Personal loan,Consumer credit,Female,Local,23.5,400000,41,0,0
KZ2026000579,2020-12-10,North Kazakhstan,KZT,Credit card,Consumer credit,Male,Local,31.3,102000,25,0,0
KZ2026000580,2020-09-21,Aktobe,KZT,Credit card,Consumer credit,Male,Local,44.7,269000,38,0,0
KZ2026000581,2020-04-08,East Kazakhstan,KZT,Credit card,Consumer credit,Male,Local,30.0,708000,30,0,0
KZ2026000582,2020-02-04,Zhambyl,KZT,Personal loan,Consumer credit,Male,Local,22.2,735000,27,0,0
KZ2026000583,2020-05-07,Nur-Sultan,KZT,Personal loan,Consumer credit,Female,Local,29.4,4213000,34,0,0
KZ2026000584,2020-05-28,Almaty Region,KZT,Personal loan,Consumer credit,Female,Local,21.2,1193000,18,0,0
KZ2026000585,2020-01-13,Turkistan,KZT,Personal loan,Consumer credit,Female,Local,27.1,3082000,24,195,1
KZ2026000586,2021-01-31,Karaganda,KZT,Personal loan,Consumer credit,Male,Local,11.5,630000,46,0,0
KZ2026000587,2019-05-20,Almaty,KZT,Personal loan,Consumer credit,Male,Local,11.6,639000,41,0,0
KZ2026000588,2019-11-26,Aktobe,KZT,Credit card,Consumer credit,Male,Local,32.3,375000,25,0,0
KZ2026000589,2019-12-18,Almaty,KZT,Credit card,Consumer credit,Male,Local,29.3,503000,43,0,0
KZ2026000590,2019-03-30,Nur-Sultan,KZT,Personal loan,Consumer credit,Female,Local,15.5,1031000,27,0,0
KZ2026000591,2019-03-20,Turkistan,KZT,Personal loan,Consumer credit,Female,Local,23.7,1539000,45,0,0
KZ2026000592,2021-02-26,Atyrau,KZT,Personal loan,Consumer credit,Female,Local,24.3,1979000,36,0,0
KZ2026000593,2020-11-14,Akmola,KZT,Personal loan,Auto loan,Female,Local,12.2,2111000,33,0,0
KZ2026000594,2019-11-19,West Kazakhstan,KZT,Personal loan,Consumer credit,Male,Local,18.2,898000,36,0,0
KZ2026000595,2019-08-23,Nur-Sultan,KZT,Credit card,Consumer credit,Female,Local,33.3,237000,65,322,1
KZ2026000596,2019-12-25,Akmola,EUR,Personal loan,Consumer credit,Female,Local,5.5,1418000,29,0,0
KZ2026000597,2020-09-14,Kostanay,KZT,Personal loan,Consumer credit,Female,Local,16.6,781000,39,0,0
KZ2026000598,2019-09-19,Karaganda,KZT,Personal loan,Consumer credit,Male,Local,18.2,218000,46,0,0
KZ2026000599,2019-02-28,Shymkent,RUB,Personal loan,Consumer credit,Female,Local,27.3,1761000,26,0,0
KZ2026000600,2020-01-07,Karaganda,KZT,Personal loan,Consumer credit,Male,Local,22.3,1830000,19,0,0
KZ2026000601,2020-06-12,East Kazakhstan,KZT,Personal loan,Consumer credit,Female,Local,18.1,2380000,30,0,0
KZ2026000602,2020-04-05,Kyzylorda,KZT,Personal loan,Consumer credit,Female,Local,15.5,189000,45,0,0
KZ2026000603,2019-06-02,Turkistan,KZT,Personal loan,Consumer credit,Female,Local,13.9,621000,33,0,0
KZ2026000604,2021-01-14,Kostanay,KZT,Personal loan,Consumer credit,Male,Local,21.4,1620000,34,0,0
KZ2026000605,2020-07-11,Shymkent,RUB,Personal loan,Consumer credit,Male,Local,41.3,547000,47,0,0
KZ2026000606,2020-09-27,Mangystau,KZT,Personal loan,Auto loan,Female,Local,19.2,6414000,28,0,0
KZ2026000607,2021-04-25,North Kazakhstan,KZT,Credit card,Consumer credit,Female,Local,20.7,310000,36,0,0
KZ2026000608,2020-03-29,Nur-Sultan,KZT,Personal loan,Consumer credit,Female,Local,29.4,622000,20,0,0
KZ2026000609,2020-05-26,Kostanay,KZT,Personal loan,Auto loan,Male,Local,12.1,1414000,41,0,0
KZ2026000610,2020-11-05,Atyrau,KZT,Personal loan,Consumer credit,Female,Local,22.3,2397000,40,0,0
KZ2026000611,2020-11-14,Zhambyl,KZT,Personal loan,Auto loan,Female,Local,12.1,9850000,46,0,0
KZ2026000612,2021-01-18,Karaganda,KZT,Personal loan,Consumer credit,Male,Local,40.1,5521000,24,0,0
KZ2026000613,2020-09-13,Shymkent,KZT,Personal loan,Consumer credit,Male,Local,12.6,1017000,35,0,0
KZ2026000614,2019-02-21,Shymkent,KZT,Personal loan,Consumer credit,Female,Local,26.0,474000,23,0,0
KZ2026000615,2019-11-06,Akmola,KZT,Credit card,Consumer credit,Male,Local,25.5,656000,34,0,0
KZ2026000616,2020-06-06,Kyzylorda,KZT,Personal loan,Consumer credit,Female,Local,29.4,1077000,53,0,0
KZ2026000617,2020-01-28,Kyzylorda,KZT,Personal loan,Consumer credit,Female,Local,25.1,1802000,33,0,0
KZ2026000618,2019-02-08,Aktobe,KZT,Credit card,Consumer credit,Male,Local,41.3,439000,22,0,0
KZ2026000619,2019-08-25,Almaty,KZT,Personal loan,Consumer credit,Male,Local,29.1,1299000,30,0,0
KZ2026000620,2019-09-30,Nur-Sultan,USD,Personal loan,Consumer credit,Female,Local,8.7,3686000,19,0,0
KZ2026000621,2019-02-01,Mangystau,KZT,Personal loan,Consumer credit,Female,Local,27.9,770000,23,0,0
KZ2026000622,2020-11-04,East Kazakhstan,KZT,Personal loan,Consumer credit,Female,Local,18.2,548000,44,0,0
KZ2026000623,2019-11-30,Shymkent,KZT,Personal loan,Auto loan,Female,Local,17.9,1299000,21,0,0
KZ2026000624,2020-11-29,Atyrau,KZT,Personal loan,Consumer credit,Female,Local,28.5,894000,40,0,0
KZ2026000625,2021-02-07,Shymkent,KZT,Personal loan,Consumer credit,Female,Local,28.5,474000,37,0,0
KZ2026000626,2021-02-19,Almaty Region,KZT,Credit card,Consumer credit,Female,Local,35.2,479000,31,0,0
KZ2026000627,2021-03-12,Mangystau,KZT,Personal loan,Consumer credit,Female,Local,31.6,902000,40,0,0
KZ2026000628,2020-03-15,Nur-Sultan,KZT,Personal loan,Consumer credit,Male,Local,30.6,989000,27,0,0
KZ2026000629,2019-08-03,Zhambyl,KZT,Personal loan,Auto loan,Male,Local,10.8,5764000,46,0,0
KZ2026000630,2019-03-16,Pavlodar,KZT,Personal loan,Consumer credit,Female,Local,41.5,1682000,29,0,0
KZ2026000631,2020-07-04,Turkistan,KZT,Personal loan,Consumer credit,Male,Local,40.5,1087000,33,0,0
KZ2026000632,2019-04-22,Pavlodar,USD,Personal loan,Auto loan,Female,Local,17.3,12343000,31,0,0
KZ2026000633,2019-08-02,Nur-Sultan,KZT,Credit card,Consumer credit,Female,Local,32.0,256000,45,0,0
KZ2026000634,2019-08-04,Almaty Region,KZT,Personal loan,Consumer credit,Male,Local,20.0,875000,43,0,0
KZ2026000635,2019-08-30,Nur-Sultan,KZT,Personal loan,Consumer credit,Male,Local,20.6,2345000,18,0,0
KZ2026000636,2019-11-25,Nur-Sultan,KZT,Personal loan,Consumer credit,Female,Local,2.9,1426000,40,0,0
KZ2026000637,2019-10-20,Karaganda,KZT,Personal loan,Consumer credit,Male,Local,37.0,463000,18,0,0
KZ2026000638,2020-04-09,Kostanay,KZT,Personal loan,Consumer credit,Female,Local,32.9,2567000,33,0,0
KZ2026000639,2021-04-25,Mangystau,KZT,Personal loan,Consumer credit,Female,Local,7.1,3494000,36,0,0
KZ2026000640,2020-07-24,North Kazakhstan,KZT,Personal loan,Consumer credit,Male,Local,30.2,3276000,33,0,0
KZ2026000641,2020-08-19,Kyzylorda,KZT,Personal loan,Consumer credit,Female,Local,22.0,4453000,43,0,0
KZ2026000642,2019-05-24,Pavlodar,KZT,Personal loan,Consumer credit,Female,Local,20.0,6967000,45,0,0
KZ2026000643,2019-04-11,Nur-Sultan,KZT,Personal loan,Consumer credit,Male,Local,26.4,5222000,28,0,0
KZ2026000644,2019-06-16,Almaty,KZT,Personal loan,Consumer credit,Male,Local,6.9,1603000,28,0,0
KZ2026000645,2021-01-19,Karaganda,KZT,Personal loan,Consumer credit,Male,Local,22.7,1005000,37,0,0
KZ2026000646,2019-06-02,North Kazakhstan,KZT,Personal loan,Consumer credit,Female,Local,24.2,253000,20,0,0
KZ2026000647,2021-05-18,Nur-Sultan,KZT,Personal loan,Consumer credit,Male,Local,23.4,1211000,32,0,0
KZ2026000648,2020-10-28,East Kazakhstan,KZT,Personal loan,Consumer credit,Male,Local,10.2,1866000,52,198,1
KZ2026000649,2021-01-02,Karaganda,KZT,Credit card,Consumer credit,Male,Local,34.9,362000,20,0,0
KZ2026000650,2019-09-24,Nur-Sultan,KZT,Personal loan,Consumer credit,Male,Local,33.1,241000,33,0,0
KZ2026000651,2019-05-19,Almaty Region,KZT,Personal loan,Consumer credit,Male,Local,26.5,941000,30,0,0
KZ2026000652,2019-05-28,Turkistan,KZT,Credit card,Consumer credit,Female,Local,29.3,568000,59,220,1
KZ2026000653,2021-01-27,Karaganda,KZT,Personal loan,Consumer credit,Male,Local,47.4,502000,31,0,0
KZ2026000654,2020-01-16,Almaty,KZT,Personal loan,Consumer credit,Female,Local,14.3,1381000,32,0,0
KZ2026000655,2019-12-28,North Kazakhstan,KZT,Personal loan,Consumer credit,Male,Local,29.5,1732000,26,0,0
KZ2026000656,2019-08-07,Aktobe,KZT,Personal loan,Consumer credit,Male,Local,24.4,3104000,37,0,0
KZ2026000657,2019-11-11,North Kazakhstan,KZT,Personal loan,Consumer credit,Male,Local,40.1,5145000,40,0,0
KZ2026000658,2019-11-23,Akmola,KZT,Credit card,Consumer credit,Female,Local,34.6,264000,27,0,0
KZ2026000659,2020-10-23,West Kazakhstan,KZT,Personal loan,Auto loan,Female,Local,19.6,4345000,48,0,0
KZ2026000660,2020-12-28,Almaty Region,KZT,Personal loan,Consumer credit,Male,Local,27.2,1441000,40,0,0
KZ2026000661,2020-02-17,Akmola,KZT,Personal loan,Consumer credit,Female,Local,12.9,2084000,46,0,0
KZ2026000662,2019-10-22,Turkistan,KZT,Credit card,Consumer credit,Male,Local,24.2,524000,33,0,0
KZ2026000663,2020-02-03,Almaty,KZT,Personal loan,Consumer credit,Female,Local,19.6,4029000,40,0,0
KZ2026000664,2019-06-04,Nur-Sultan,KZT,Credit card,Consumer credit,Female,Local,39.7,61000,35,0,0
KZ2026000665,2019-03-02,Aktobe,KZT,Personal loan,Consumer credit,Male,Local,24.6,1712000,53,0,0
KZ2026000666,2019-07-25,Kostanay,KZT,Personal loan,Consumer credit,Male,Local,20.6,1816000,38,0,0
KZ2026000667,2019-01-22,Pavlodar,KZT,Personal loan,Auto loan,Male,Local,24.4,3598000,37,0,0
KZ2026000668,2019-01-31,Shymkent,KZT,Personal loan,Auto loan,Female,Foreigner,6.8,1444000,32,0,0
KZ2026000669,2019-07-30,Akmola,KZT,Personal loan,Auto loan,Male,Local,1.1,3892000,31,0,0
KZ2026000670,2021-03-06,Almaty Region,KZT,Credit card,Consumer credit,Female,Local,41.3,205000,40,0,0
KZ2026000671,2019-06-13,Almaty,KZT,Personal loan,Consumer credit,Male,Local,21.1,4996000,46,0,0
KZ2026000672,2020-09-07,West Kazakhstan,KZT,Personal loan,Auto loan,Female,Local,21.8,4736000,29,0,0
KZ2026000673,2019-05-10,Shymkent,KZT,Personal loan,Auto loan,Male,Local,15.6,2796000,38,0,0
KZ2026000674,2020-02-14,Kostanay,KZT,Personal loan,Consumer credit,Female,Local,32.8,210000,39,0,0
KZ2026000675,2020-06-19,West Kazakhstan,KZT,Personal loan,Consumer credit,Male,Local,21.3,1982000,41,0,0
KZ2026000676,2020-05-10,Almaty Region,KZT,Personal loan,Consumer credit,Male,Local,26.1,2169000,18,0,0
KZ2026000677,2020-12-07,Turkistan,KZT,Personal loan,Consumer credit,Male,Local,25.2,999000,27,0,0
KZ2026000678,2019-08-13,East Kazakhstan,KZT,Credit card,Consumer credit,Female,Local,33.8,550000,22,0,0
KZ2026000679,2020-10-17,Almaty,KZT,Personal loan,Consumer credit,Male,Local,38.0,893000,37,0,0
KZ2026000680,2019-12-23,Almaty Region,KZT,Personal loan,Consumer credit,Female,Local,7.6,2973000,27,0,0
KZ2026000681,2020-01-29,Nur-Sultan,KZT,Personal loan,Consumer credit,Female,Local,21.6,2790000,32,0,0
KZ2026000682,2019-10-10,Almaty,KZT,Credit card,Consumer credit,Male,Local,33.6,102000,24,299,1
KZ2026000683,2021-05-30,Nur-Sultan,KZT,Personal loan,Auto loan,Male,Local,16.7,2135000,33,0,0
KZ2026000684,2020-12-29,Atyrau,KZT,Credit card,Consumer credit,Male,Local,27.4,1606000,25,0,0
KZ2026000685,2020-02-13,Karaganda,KZT,Personal loan,Consumer credit,Male,Local,17.5,2650000,45,0,0
KZ2026000686,2020-10-18,Aktobe,KZT,Personal loan,Consumer credit,Male,Local,37.0,410000,42,0,0
KZ2026000687,2021-03-19,Almaty Region,KZT,Credit card,Consumer credit,Female,Local,31.4,108000,39,0,0
KZ2026000688,2019-09-08,Shymkent,RUB,Credit card,Consumer credit,Male,Local,50.5,635000,34,0,0
KZ2026000689,2019-10-15,Kyzylorda,KZT,Personal loan,Consumer credit,Male,Local,27.6,917000,18,241,1
KZ2026000690,2020-11-04,Zhambyl,KZT,Personal loan,Consumer credit,Female,Foreigner,23.6,1153000,32,0,0
KZ2026000691,2019-09-08,Akmola,KZT,Personal loan,Consumer credit,Male,Local,23.7,1111000,29,0,0
KZ2026000692,2019-03-24,Turkistan,KZT,Personal loan,Consumer credit,Female,Local,34.3,3126000,40,0,0
KZ2026000693,2020-06-09,Almaty,KZT,Credit card,Consumer credit,Female,Local,21.3,1386000,44,0,0
KZ2026000694,2019-06-28,Aktobe,KZT,Personal loan,Consumer credit,Male,Local,6.7,799000,41,0,0
KZ2026000695,2020-06-02,Turkistan,KZT,Personal loan,Consumer credit,Female,Local,26.5,459000,51,0,0
KZ2026000696,2019-04-04,Zhambyl,KZT,Personal loan,Consumer credit,Female,Local,30.1,1670000,31,0,0
KZ2026000697,2020-02-27,Kyzylorda,KZT,Personal loan,Consumer credit,Female,Foreigner,28.5,4802000,30,0,0
KZ2026000698,2019-07-30,West Kazakhstan,KZT,Personal loan,Consumer credit,Female,Local,27.6,852000,48,0,0
KZ2026000699,2020-04-11,Karaganda,KZT,Personal loan,Consumer credit,Female,Local,9.0,2472000,39,0,0
KZ2026000700,2019-07-19,Akmola,KZT,Personal loan,Consumer credit,Female,Local,25.6,589000,34,0,0
KZ2026000701,2019-08-10,Almaty,KZT,Personal loan,Consumer credit,Female,Local,34.5,1222000,57,0,0
KZ2026000702,2021-03-06,Aktobe,KZT,Personal loan,Consumer credit,Female,Local,24.8,447000,43,0,0
KZ2026000703,2021-05-17,Almaty,KZT,Credit card,Auto loan,Female,Local,19.6,4020000,35,0,0
KZ2026000704,2019-10-17,North Kazakhstan,KZT,Personal loan,Consumer credit,Female,Local,19.8,1087000,29,0,0
KZ2026000705,2020-07-24,Akmola,KZT,Personal loan,Consumer credit,Male,Local,27.4,2012000,52,0,0
KZ2026000706,2019-11-10,Zhambyl,KZT,Personal loan,Consumer credit,Female,Local,38.1,5439000,39,310,1
KZ2026000707,2019-05-31,Mangystau,KZT,Personal loan,Consumer credit,Male,Local,5.3,862000,37,0,0
KZ2026000708,2019-03-30,Mangystau,KZT,Personal loan,Auto loan,Male,Foreigner,20.3,1626000,44,0,0
KZ2026000709,2021-02-25,Atyrau,KZT,Personal loan,Consumer credit,Male,Local,27.4,1011000,47,0,0
KZ2026000710,2019-02-28,East Kazakhstan,KZT,Personal loan,Consumer credit,Male,Local,27.9,1548000,43,0,0
KZ2026000711,2020-03-10,Shymkent,KZT,Personal loan,Consumer credit,Female,Foreigner,24.2,1425000,47,0,0
KZ2026000712,2019-07-13,Karaganda,KZT,Credit card,Consumer credit,Male,Local,40.5,311000,42,0,0
KZ2026000713,2020-11-02,Pavlodar,EUR,Personal loan,Consumer credit,Female,Local,16.8,7361000,43,0,0
KZ2026000714,2019-04-29,Turkistan,KZT,Personal loan,Consumer credit,Female,Local,35.6,1098000,29,0,0
KZ2026000715,2020-05-24,Mangystau,KZT,Personal loan,Consumer credit,Male,Local,30.5,620000,57,0,0
KZ2026000716,2019-11-01,Almaty,KZT,Credit card,Consumer credit,Male,Local,36.5,94000,23,0,0
KZ2026000717,2020-04-04,Zhambyl,KZT,Personal loan,Consumer credit,Female,Local,16.3,1588000,40,0,0
KZ2026000718,2019-06-14,Nur-Sultan,KZT,Credit card,Consumer credit,Female,Local,39.1,421000,22,0,0
KZ2026000719,2019-04-14,Karaganda,KZT,Personal loan,Consumer credit,Male,Local,41.6,488000,36,0,0
KZ2026000720,2019-06-07,Shymkent,KZT,Personal loan,Consumer credit,Male,Local,21.6,1156000,31,0,0
KZ2026000721,2020-05-24,East Kazakhstan,KZT,Personal loan,Consumer credit,Male,Local,23.6,1062000,38,0,0
KZ2026000722,2020-07-25,Almaty Region,KZT,Personal loan,Auto loan,Male,Local,9.8,3020000,41,0,0
KZ2026000723,2021-03-09,Nur-Sultan,KZT,Personal loan,Consumer credit,Male,Local,16.6,611000,26,0,0
KZ2026000724,2021-04-11,Shymkent,KZT,Personal loan,Consumer credit,Female,Local,12.9,1693000,37,0,0
KZ2026000725,2020-10-26,Nur-Sultan,KZT,Personal loan,Consumer credit,Male,Local,24.0,990000,52,0,0
KZ2026000726,2019-01-12,Nur-Sultan,KZT,Personal loan,Consumer credit,Male,Local,19.9,726000,23,300,1
KZ2026000727,2020-09-13,Almaty,USD,Personal loan,Consumer credit,Female,Local,20.2,855000,28,0,0
KZ2026000728,2020-09-15,Nur-Sultan,KZT,Personal loan,Consumer credit,Female,Local,20.8,2633000,46,0,0
KZ2026000729,2020-09-15,Atyrau,KZT,Personal loan,Consumer credit,Male,Local,14.0,1430000,38,0,0
KZ2026000730,2020-08-05,East Kazakhstan,KZT,Personal loan,Auto loan,Female,Foreigner,21.2,3595000,39,230,1
KZ2026000731,2020-08-30,Akmola,RUB,Personal loan,Consumer credit,Female,Local,23.8,2043000,48,0,0
KZ2026000732,2020-05-31,Nur-Sultan,KZT,Personal loan,Consumer credit,Male,Local,20.0,1821000,28,0,0
KZ2026000733,2020-07-01,Nur-Sultan,KZT,Credit card,Auto loan,Male,Local,31.5,4497000,31,0,0
KZ2026000734,2020-09-03,Almaty Region,KZT,Personal loan,Consumer credit,Female,Local,7.6,2065000,30,0,0
KZ2026000735,2019-02-08,Nur-Sultan,KZT,Personal loan,Consumer credit,Female,Local,28.7,1049000,33,0,0
KZ2026000736,2020-03-25,Kostanay,USD,Credit card,Consumer credit,Female,Local,25.0,607000,52,0,0
KZ2026000737,2019-04-23,Almaty,KZT,Personal loan,Consumer credit,Male,Local,6.6,321000,18,0,0
KZ2026000738,2021-03-29,Akmola,KZT,Personal loan,Consumer credit,Female,Local,11.4,1606000,24,0,0
KZ2026000739,2021-05-23,Almaty Region,KZT,Personal loan,Consumer credit,Male,Local,19.0,1611000,22,0,0
KZ2026000740,2019-05-20,Almaty Region,KZT,Personal loan,Consumer credit,Female,Local,35.2,940000,52,0,0
KZ2026000741,2021-02-26,Nur-Sultan,KZT,Personal loan,Consumer credit,Female,Local,27.0,2894000,30,0,0
KZ2026000742,2020-02-23,Nur-Sultan,KZT,Personal loan,Consumer credit,Male,Local,24.2,650000,33,0,0
KZ2026000743,2020-08-16,North Kazakhstan,KZT,Personal loan,Consumer credit,Male,Local,15.2,266000,19,0,0
KZ2026000744,2020-07-30,Nur-Sultan,KZT,Personal loan,Consumer credit,Female,Local,13.1,663000,34,0,0
KZ2026000745,2019-04-14,East Kazakhstan,KZT,Personal loan,Consumer credit,Female,Local,25.9,324000,47,0,0
KZ2026000746,2021-03-13,East Kazakhstan,KZT,Personal loan,Consumer credit,Male,Local,28.9,1599000,40,0,0
KZ2026000747,2020-07-19,Aktobe,KZT,Personal loan,Consumer credit,Female,Local,24.9,633000,36,0,0
KZ2026000748,2020-03-06,Almaty Region,KZT,Personal loan,Consumer credit,Male,Local,37.7,2771000,20,0,0
KZ2026000749,2020-06-26,Mangystau,KZT,Personal loan,Consumer credit,Male,Local,16.1,2722000,33,0,0
KZ2026000750,2021-05-12,Pavlodar,KZT,Personal loan,Consumer credit,Male,Local,24.7,547000,39,0,0
KZ2026000751,2020-07-25,Almaty,KZT,Personal loan,Auto loan,Female,Local,6.1,2781000,26,0,0
KZ2026000752,2020-08-02,Aktobe,KZT,Personal loan,Consumer credit,Male,Local,24.4,1890000,44,347,1
KZ2026000753,2021-02-13,Almaty,KZT,Personal loan,Consumer credit,Female,Local,35.5,2760000,47,0,0
KZ2026000754,2020-09-09,East Kazakhstan,KZT,Credit card,Consumer credit,Male,Local,23.7,77000,31,0,0
KZ2026000755,2019-05-07,Karaganda,KZT,Personal loan,Consumer credit,Female,Local,30.2,1525000,45,0,0
KZ2026000756,2020-12-23,Almaty,KZT,Personal loan,Consumer credit,Female,Local,36.6,185000,36,0,0
KZ2026000757,2021-03-05,Aktobe,KZT,Personal loan,Consumer credit,Male,Local,16.7,753000,50,0,0
KZ2026000758,2020-10-10,Turkistan,KZT,Credit card,Consumer credit,Male,Local,34.7,795000,59,309,1
KZ2026000759,2019-05-15,Nur-Sultan,KZT,Personal loan,Consumer credit,Male,Local,35.6,15000000,25,0,0
KZ2026000760,2020-04-06,Atyrau,KZT,Personal loan,Consumer credit,Male,Local,24.9,980000,45,0,0
KZ2026000761,2019-02-17,Kostanay,USD,Personal loan,Consumer credit,Female,Local,26.0,533000,51,0,0
KZ2026000762,2020-11-13,Almaty,KZT,Personal loan,Consumer credit,Female,Foreigner,29.9,1269000,26,0,0
KZ2026000763,2021-04-25,Nur-Sultan,KZT,Credit card,Consumer credit,Male,Local,21.0,212000,31,118,1
KZ2026000764,2019-02-01,Almaty,KZT,Personal loan,Consumer credit,Female,Local,14.4,547000,31,0,0
KZ2026000765,2019-04-07,Turkistan,KZT,Personal loan,Consumer credit,Male,Local,28.3,835000,36,0,0
KZ2026000766,2021-04-03,Nur-Sultan,KZT,Personal loan,Consumer credit,Male,Local,19.8,1680000,33,0,0
KZ2026000767,2020-12-07,Almaty,KZT,Credit card,Consumer credit,Male,Local,40.3,308000,35,0,0
KZ2026000768,2020-12-27,Nur-Sultan,KZT,Personal loan,Consumer credit,Male,Local,25.9,567000,46,0,0
KZ2026000769,2019-07-04,Nur-Sultan,KZT,Personal loan,Consumer credit,Female,Local,23.5,679000,18,0,0
KZ2026000770,2020-07-17,Karaganda,KZT,Personal loan,Consumer credit,Male,Local,21.4,844000,26,0,0
KZ2026000771,2021-01-01,Almaty,RUB,Personal loan,Consumer credit,Female,Local,25.7,646000,44,0,0
KZ2026000772,2019-03-02,Zhambyl,USD,Personal loan,Consumer credit,Male,Local,22.5,2420000,43,0,0
KZ2026000773,2019-09-08,West Kazakhstan,KZT,Personal loan,Consumer credit,Female,Local,19.7,270000,25,0,0
KZ2026000774,2019-09-18,North Kazakhstan,KZT,Credit card,Consumer credit,Male,Local,40.9,755000,43,0,0
KZ2026000775,2020-04-23,Nur-Sultan,KZT,Personal loan,Consumer credit,Male,Local,28.4,1710000,52,0,0
KZ2026000776,2019-08-12,North Kazakhstan,KZT,Personal loan,Consumer credit,Male,Local,26.8,370000,36,275,1
KZ2026000777,2019-10-29,Karaganda,KZT,Personal loan,Consumer credit,Male,Local,23.7,880000,26,0,0
KZ2026000778,2019-08-15,Almaty,KZT,Personal loan,Consumer credit,Male,Foreigner,31.1,612000,78,0,0
KZ2026000779,2019-02-26,Mangystau,KZT,Personal loan,Consumer credit,Male,Local,24.6,2133000,56,0,0
KZ2026000780,2020-08-16,North Kazakhstan,USD,Personal loan,Consumer credit,Female,Local,33.8,1085000,27,0,0
KZ2026000781,2020-07-17,Almaty,KZT,Personal loan,Consumer credit,Male,Local,23.5,1022000,37,0,0
KZ2026000782,2021-02-12,Turkistan,KZT,Personal loan,Consumer credit,Female,Local,18.0,341000,49,0,0
KZ2026000783,2020-05-23,Atyrau,KZT,Personal loan,Consumer credit,Female,Local,26.5,3963000,38,0,0
KZ2026000784,2020-08-24,West Kazakhstan,KZT,Personal loan,Consumer credit,Male,Local,20.7,2107000,18,0,0
KZ2026000785,2019-11-14,Shymkent,KZT,Personal loan,Consumer credit,Female,Local,34.8,636000,42,0,0
KZ2026000786,2019-12-10,Aktobe,KZT,Personal loan,Consumer credit,Male,Local,14.8,1413000,26,0,0
KZ2026000787,2019-12-31,Pavlodar,USD,Personal loan,Consumer credit,Female,Foreigner,14.8,3838000,23,0,0
KZ2026000788,2021-05-05,Aktobe,KZT,Personal loan,Consumer credit,Female,Local,20.3,4507000,18,0,0
KZ2026000789,2020-02-22,Mangystau,KZT,Personal loan,Consumer credit,Female,Local,16.5,14332000,50,0,0
KZ2026000790,2021-01-31,West Kazakhstan,KZT,Credit card,Auto loan,Male,Local,13.4,3779000,28,0,0
KZ2026000791,2019-10-11,Almaty,KZT,Personal loan,Consumer credit,Female,Local,14.8,731000,41,0,0
KZ2026000792,2020-08-28,Almaty Region,KZT,Personal loan,Consumer credit,Male,Local,27.9,518000,43,0,0
KZ2026000793,2019-08-31,Aktobe,KZT,Personal loan,Consumer credit,Male,Local,28.4,183000,39,0,0
KZ2026000794,2019-12-17,Nur-Sultan,KZT,Personal loan,Consumer credit,Male,Local,16.3,3467000,40,0,0
KZ2026000795,2021-01-28,Nur-Sultan,KZT,Personal loan,Consumer credit,Male,Local,17.5,889000,72,0,0
KZ2026000796,2020-08-26,Aktobe,KZT,Personal loan,Consumer credit,Female,Local,39.1,2525000,39,0,0
KZ2026000797,2020-03-05,Nur-Sultan,KZT,Personal loan,Consumer credit,Female,Local,46.5,2996000,29,0,0
KZ2026000798,2019-12-27,Almaty,KZT,Personal loan,Consumer credit,Male,Local,33.5,479000,28,0,0
KZ2026000799,2020-12-07,Kostanay,KZT,Personal loan,Consumer credit,Female,Local,37.2,544000,36,0,0
KZ2026000800,2019-05-18,Kostanay,KZT,Personal loan,Consumer credit,Female,Local,37.9,5287000,36,0,0
KZ2026000801,2021-01-19,Kyzylorda,KZT,Personal loan,Consumer credit,Female,Local,42.7,1131000,42,0,0
KZ2026000802,2020-06-30,Aktobe,KZT,Personal loan,Consumer credit,Female,Local,20.3,685000,49,0,0
KZ2026000803,2019-10-18,Turkistan,KZT,Personal loan,Consumer credit,Male,Local,15.3,494000,41,269,1
KZ2026000804,2020-09-08,West Kazakhstan,KZT,Personal loan,Consumer credit,Male,Foreigner,41.9,1064000,28,0,0
KZ2026000805,2021-05-25,Almaty,KZT,Credit card,Consumer credit,Female,Local,22.5,1084000,18,0,0
KZ2026000806,2019-11-05,Almaty,KZT,Personal loan,Consumer credit,Male,Local,13.4,2149000,29,0,0
KZ2026000807,2019-12-14,Kostanay,KZT,Personal loan,Consumer credit,Female,Local,21.4,1400000,22,0,0
KZ2026000808,2021-03-31,Almaty,KZT,Credit card,Consumer credit,Female,Local,14.9,1152000,29,0,0
KZ2026000809,2019-11-01,East Kazakhstan,RUB,Personal loan,Consumer credit,Female,Local,8.9,6547000,40,0,0
KZ2026000810,2021-01-24,Shymkent,KZT,Personal loan,Consumer credit,Male,Local,15.9,12705000,38,347,1
KZ2026000811,2021-03-05,Nur-Sultan,KZT,Personal loan,Consumer credit,Female,Local,12.1,972000,57,0,0
KZ2026000812,2020-05-29,Nur-Sultan,KZT,Personal loan,Consumer credit,Female,Local,31.8,3052000,42,0,0
KZ2026000813,2019-03-14,Shymkent,KZT,Personal loan,Consumer credit,Male,Local,22.9,859000,58,0,0
KZ2026000814,2019-02-23,West Kazakhstan,KZT,Personal loan,Consumer credit,Male,Foreigner,29.5,2585000,45,0,0
KZ2026000815,2019-09-06,Almaty,KZT,Personal loan,Auto loan,Male,Local,14.9,3577000,49,0,0
KZ2026000816,2019-01-16,Turkistan,KZT,Personal loan,Consumer credit,Male,Local,31.4,1776000,33,171,1
KZ2026000817,2020-11-04,Turkistan,KZT,Personal loan,Consumer credit,Female,Local,25.7,9152000,25,0,0
KZ2026000818,2020-07-19,Zhambyl,KZT,Personal loan,Consumer credit,Female,Local,19.4,2695000,32,0,0
KZ2026000819,2020-02-06,Karaganda,KZT,Personal loan,Consumer credit,Male,Local,7.3,1800000,37,0,0
KZ2026000820,2020-12-19,Akmola,KZT,Credit card,Consumer credit,Female,Local,35.8,196000,30,0,0
KZ2026000821,2019-04-28,Nur-Sultan,KZT,Personal loan,Consumer credit,Male,Local,11.3,1408000,26,179,1
KZ2026000822,2020-03-17,West Kazakhstan,KZT,Credit card,Auto loan,Male,Local,33.4,2541000,42,0,0
KZ2026000823,2019-10-26,Akmola,KZT,Personal loan,Consumer credit,Male,Local,23.0,2550000,26,0,0
KZ2026000824,2019-01-21,Karaganda,KZT,Personal loan,Consumer credit,Female,Local,10.1,2497000,20,0,0
KZ2026000825,2020-02-27,Pavlodar,KZT,Personal loan,Consumer credit,Female,Local,25.1,1030000,25,0,0
KZ2026000826,2019-05-08,Nur-Sultan,KZT,Personal loan,Consumer credit,Female,Local,23.7,4935000,34,0,0
KZ2026000827,2019-02-10,West Kazakhstan,KZT,Personal loan,Auto loan,Female,Local,16.9,7937000,26,0,0
KZ2026000828,2019-07-06,Almaty,KZT,Credit card,Consumer credit,Male,Local,32.5,392000,34,0,0
KZ2026000829,2019-06-21,North Kazakhstan,RUB,Personal loan,Consumer credit,Female,Local,16.3,3405000,44,0,0
KZ2026000830,2020-07-08,Almaty,KZT,Personal loan,Consumer credit,Male,Local,28.2,952000,43,0,0
KZ2026000831,2020-12-01,Karaganda,KZT,Personal loan,Consumer credit,Male,Local,17.0,480000,30,0,0
KZ2026000832,2020-03-05,Zhambyl,KZT,Personal loan,Consumer credit,Female,Local,13.2,799000,23,0,0
KZ2026000833,2020-07-20,Almaty Region,KZT,Personal loan,Consumer credit,Male,Local,28.8,1098000,31,0,0
KZ2026000834,2019-04-01,Karaganda,KZT,Credit card,Consumer credit,Male,Local,39.5,101000,44,0,0
KZ2026000835,2020-11-25,Kostanay,KZT,Personal loan,Consumer credit,Male,Local,27.9,1959000,47,0,0
KZ2026000836,2020-03-18,Zhambyl,KZT,Personal loan,Consumer credit,Male,Local,20.4,2861000,41,0,0
KZ2026000837,2020-01-14,Kyzylorda,KZT,Personal loan,Consumer credit,Female,Local,5.3,1192000,50,0,0
KZ2026000838,2021-02-06,Shymkent,KZT,Personal loan,Consumer credit,Male,Local,37.2,121000,56,0,0
KZ2026000839,2019-10-05,Almaty Region,KZT,Credit card,Consumer credit,Male,Local,15.8,290000,32,0,0
KZ2026000840,2020-01-23,East Kazakhstan,KZT,Credit card,Auto loan,Female,Local,35.1,2137000,53,0,0
KZ2026000841,2021-03-28,Nur-Sultan,KZT,Personal loan,Consumer credit,Female,Local,42.0,715000,34,0,0
KZ2026000842,2019-05-13,Mangystau,KZT,Credit card,Consumer credit,Male,Local,32.0,1040000,48,0,0
KZ2026000843,2020-04-05,East Kazakhstan,KZT,Personal loan,Consumer credit,Female,Local,26.4,152000,45,0,0
KZ2026000844,2020-05-25,Almaty Region,KZT,Personal loan,Consumer credit,Male,Local,26.5,600000,18,0,0
KZ2026000845,2020-09-10,Nur-Sultan,RUB,Personal loan,Consumer credit,Male,Local,23.8,4296000,26,0,0
KZ2026000846,2021-03-31,Turkistan,KZT,Personal loan,Consumer credit,Female,Local,44.2,619000,24,191,1
KZ2026000847,2019-10-31,Almaty Region,KZT,Personal loan,Consumer credit,Male,Local,14.2,6752000,18,0,0
KZ2026000848,2019-04-13,Karaganda,KZT,Personal loan,Consumer credit,Female,Local,13.8,1655000,47,0,0
KZ2026000849,2019-12-19,Almaty,KZT,Personal loan,Consumer credit,Male,Foreigner,22.6,2655000,60,0,0
KZ2026000850,2019-05-19,Shymkent,KZT,Credit card,Consumer credit,Female,Local,26.5,507000,34,0,0
KZ2026000851,2020-10-04,Almaty,KZT,Credit card,Consumer credit,Female,Local,34.7,395000,46,0,0
KZ2026000852,2020-05-15,Almaty,KZT,Personal loan,Consumer credit,Female,Local,31.8,3514000,53,0,0
KZ2026000853,2020-10-30,North Kazakhstan,KZT,Personal loan,Consumer credit,Male,Local,28.9,6061000,39,139,1
KZ2026000854,2019-10-28,Turkistan,KZT,Personal loan,Consumer credit,Male,Local,32.6,287000,37,0,0
KZ2026000855,2021-04-22,Almaty,KZT,Personal loan,Consumer credit,Female,Local,35.5,1165000,34,0,0
KZ2026000856,2021-03-01,Atyrau,KZT,Personal loan,Consumer credit,Female,Local,25.5,1157000,43,0,0
KZ2026000857,2021-03-19,Kyzylorda,KZT,Personal loan,Consumer credit,Male,Local,18.8,833000,47,0,0
KZ2026000858,2020-09-21,Turkistan,KZT,Personal loan,Consumer credit,Male,Local,23.6,2763000,42,0,0
KZ2026000859,2019-06-15,Almaty Region,KZT,Personal loan,Consumer credit,Female,Local,19.5,1493000,42,0,0
KZ2026000860,2019-05-10,East Kazakhstan,KZT,Personal loan,Consumer credit,Female,Foreigner,48.4,6166000,36,303,1
KZ2026000861,2021-04-25,Kyzylorda,KZT,Personal loan,Consumer credit,Female,Local,26.6,3057000,19,0,0
KZ2026000862,2021-02-07,Kostanay,KZT,Credit card,Consumer credit,Female,Local,18.8,974000,47,0,0
KZ2026000863,2021-02-16,Mangystau,KZT,Personal loan,Consumer credit,Male,Local,24.4,433000,23,0,0
KZ2026000864,2020-07-21,Zhambyl,KZT,Personal loan,Auto loan,Male,Foreigner,16.0,2783000,44,0,0
KZ2026000865,2021-01-26,Nur-Sultan,RUB,Personal loan,Consumer credit,Female,Local,29.1,1001000,45,0,0
KZ2026000866,2020-03-11,Turkistan,KZT,Personal loan,Consumer credit,Female,Local,35.9,527000,24,0,0
KZ2026000867,2019-05-24,North Kazakhstan,KZT,Personal loan,Consumer credit,Male,Local,35.2,541000,30,0,0
KZ2026000868,2019-08-15,Mangystau,KZT,Personal loan,Consumer credit,Female,Local,22.6,463000,60,0,0
KZ2026000869,2021-01-21,Nur-Sultan,KZT,Personal loan,Consumer credit,Male,Local,13.0,12458000,36,0,0
KZ2026000870,2020-07-27,Almaty,KZT,Personal loan,Auto loan,Male,Local,11.1,3752000,24,0,0
KZ2026000871,2021-05-30,Kyzylorda,KZT,Personal loan,Consumer credit,Female,Local,25.2,1883000,46,0,0
KZ2026000872,2021-03-04,Nur-Sultan,KZT,Personal loan,Consumer credit,Male,Local,24.6,455000,29,0,0
KZ2026000873,2020-11-01,Shymkent,KZT,Personal loan,Consumer credit,Male,Local,24.6,2712000,18,257,1
KZ2026000874,2019-02-03,Almaty Region,KZT,Personal loan,Consumer credit,Female,Local,18.7,266000,43,0,0
KZ2026000875,2019-06-13,Kostanay,EUR,Personal loan,Consumer credit,Male,Local,29.1,873000,27,0,0
KZ2026000876,2019-11-28,Turkistan,KZT,Personal loan,Consumer credit,Male,Local,17.3,1445000,66,357,1
KZ2026000877,2019-02-01,Almaty Region,KZT,Personal loan,Consumer credit,Female,Local,13.4,612000,28,0,0
KZ2026000878,2021-04-06,Aktobe,RUB,Personal loan,Consumer credit,Male,Foreigner,21.9,6186000,45,0,0
KZ2026000879,2019-07-21,West Kazakhstan,KZT,Personal loan,Consumer credit,Female,Local,20.4,668000,39,0,0
KZ2026000880,2019-12-05,West Kazakhstan,KZT,Personal loan,Consumer credit,Male,Local,23.2,2802000,18,0,0
KZ2026000881,2020-08-18,Almaty Region,KZT,Personal loan,Consumer credit,Male,Local,28.9,859000,41,0,0
KZ2026000882,2019-02-01,West Kazakhstan,KZT,Personal loan,Consumer credit,Female,Local,19.9,726000,34,0,0
KZ2026000883,2020-07-15,Shymkent,KZT,Personal loan,Consumer credit,Male,Local,25.8,2570000,53,0,0
KZ2026000884,2019-03-31,Atyrau,KZT,Personal loan,Consumer credit,Female,Local,26.0,149000,41,0,0
KZ2026000885,2021-03-07,Almaty,USD,Credit card,Consumer credit,Female,Local,15.0,729000,45,0,0
KZ2026000886,2020-09-01,Almaty Region,KZT,Credit card,Consumer credit,Female,Local,34.5,205000,29,0,0
KZ2026000887,2019-10-24,Almaty Region,USD,Personal loan,Consumer credit,Male,Local,30.0,7976000,28,0,0
KZ2026000888,2020-09-10,Almaty,KZT,Personal loan,Consumer credit,Male,Local,41.1,2704000,37,0,0
KZ2026000889,2019-10-05,Almaty,KZT,Personal loan,Consumer credit,Female,Local,27.0,1521000,33,0,0
KZ2026000890,2019-04-12,Karaganda,KZT,Personal loan,Auto loan,Male,Local,13.5,4752000,52,305,1
KZ2026000891,2019-01-09,Aktobe,KZT,Personal loan,Consumer credit,Female,Local,22.2,970000,35,168,1
KZ2026000892,2019-07-13,Shymkent,KZT,Personal loan,Consumer credit,Female,Local,21.8,928000,24,0,0
KZ2026000893,2020-09-16,Almaty,KZT,Personal loan,Consumer credit,Male,Local,18.4,4398000,28,0,0
KZ2026000894,2020-05-12,Nur-Sultan,KZT,Personal loan,Consumer credit,Male,Local,25.7,2646000,48,0,0
KZ2026000895,2019-08-30,Kyzylorda,KZT,Personal loan,Consumer credit,Female,Local,26.8,785000,35,0,0
KZ2026000896,2020-08-29,Turkistan,KZT,Personal loan,Consumer credit,Female,Local,12.6,493000,35,0,0
KZ2026000897,2019-12-09,Akmola,KZT,Credit card,Consumer credit,Male,Local,40.3,226000,49,0,0
KZ2026000898,2019-05-19,Almaty,KZT,Personal loan,Consumer credit,Female,Local,5.7,2764000,27,0,0
KZ2026000899,2020-08-22,Almaty,KZT,Personal loan,Consumer credit,Female,Local,20.2,3268000,18,0,0
KZ2026000900,2020-02-07,East Kazakhstan,KZT,Credit card,Auto loan,Male,Local,39.1,5135000,28,0,0
KZ2026000901,2020-08-09,Atyrau,KZT,Personal loan,Consumer credit,Male,Local,28.9,304000,40,0,0
KZ2026000902,2020-05-11,Almaty,KZT,Personal loan,Consumer credit,Female,Local,19.2,2277000,34,0,0
KZ2026000903,2019-03-31,Nur-Sultan,KZT,Personal loan,Consumer credit,Female,Local,39.8,3634000,20,0,0
KZ2026000904,2019-02-13,East Kazakhstan,KZT,Personal loan,Consumer credit,Female,Local,18.7,1391000,48,277,1
KZ2026000905,2019-03-30,Shymkent,KZT,Personal loan,Consumer credit,Male,Local,3.8,6457000,39,127,1
KZ2026000906,2019-07-17,Karaganda,KZT,Personal loan,Consumer credit,Female,Local,27.4,390000,41,0,0
KZ2026000907,2019-07-17,East Kazakhstan,KZT,Personal loan,Consumer credit,Female,Local,6.4,2148000,42,0,0
KZ2026000908,2021-03-22,Nur-Sultan,KZT,Personal loan,Consumer credit,Female,Local,15.7,504000,23,0,0
KZ2026000909,2020-11-22,Almaty,KZT,Credit card,Consumer credit,Male,Local,35.9,774000,40,0,0
KZ2026000910,2021-02-16,Akmola,KZT,Personal loan,Consumer credit,Male,Local,18.3,2020000,47,0,0
KZ2026000911,2020-02-23,Kyzylorda,KZT,Personal loan,Consumer credit,Male,Local,27.1,5548000,50,0,0
KZ2026000912,2019-10-12,Turkistan,KZT,Personal loan,Consumer credit,Male,Local,12.1,1835000,45,0,0
KZ2026000913,2019-12-22,Turkistan,KZT,Personal loan,Consumer credit,Male,Local,30.6,851000,43,0,0
KZ2026000914,2021-02-05,Shymkent,KZT,Personal loan,Consumer credit,Female,Local,7.7,791000,18,0,0
KZ2026000915,2019-11-10,Shymkent,KZT,Personal loan,Consumer credit,Male,Local,34.7,970000,69,0,0
KZ2026000916,2020-07-12,Shymkent,KZT,Credit card,Consumer credit,Female,Local,27.7,239000,26,0,0
KZ2026000917,2019-05-08,Nur-Sultan,KZT,Personal loan,Consumer credit,Male,Local,35.9,3771000,51,0,0
KZ2026000918,2021-05-16,Almaty,KZT,Personal loan,Consumer credit,Female,Local,14.6,3549000,49,0,0
KZ2026000919,2020-07-20,Akmola,KZT,Personal loan,Consumer credit,Male,Local,40.7,336000,27,0,0
KZ2026000920,2021-05-03,Zhambyl,KZT,Personal loan,Consumer credit,Female,Local,14.1,1240000,36,0,0
KZ2026000921,2019-09-18,Nur-Sultan,KZT,Personal loan,Consumer credit,Female,Local,6.5,1265000,40,0,0
KZ2026000922,2020-06-28,Pavlodar,KZT,Personal loan,Consumer credit,Female,Local,23.4,618000,47,0,0
KZ2026000923,2019-08-30,Karaganda,KZT,Personal loan,Consumer credit,Male,Local,33.6,1742000,19,0,0
KZ2026000924,2020-02-18,Zhambyl,KZT,Personal loan,Consumer credit,Male,Local,29.2,4154000,18,0,0
KZ2026000925,2019-10-13,Almaty,KZT,Personal loan,Consumer credit,Female,Local,32.8,2561000,37,0,0
KZ2026000926,2019-05-06,Almaty,KZT,Personal loan,Auto loan,Male,Local,20.6,7334000,18,0,0
KZ2026000927,2020-01-26,Almaty,KZT,Personal loan,Consumer credit,Female,Local,15.6,652000,39,0,0
KZ2026000928,2020-04-13,North Kazakhstan,KZT,Credit card,Consumer credit,Male,Local,37.5,360000,44,206,1
KZ2026000929,2019-05-19,West Kazakhstan,KZT,Personal loan,Consumer credit,Male,Local,23.9,626000,51,0,0
KZ2026000930,2019-12-18,Kyzylorda,KZT,Credit card,Consumer credit,Female,Local,25.6,419000,30,0,0
KZ2026000931,2019-03-24,Akmola,KZT,Personal loan,Consumer credit,Female,Local,24.2,1588000,39,0,0
KZ2026000932,2020-07-24,Almaty Region,KZT,Personal loan,Consumer credit,Female,Local,21.8,2713000,44,0,0
KZ2026000933,2019-10-04,Almaty Region,KZT,Personal loan,Consumer credit,Male,Local,34.9,3665000,24,0,0
KZ2026000934,2019-03-21,Kyzylorda,KZT,Personal loan,Consumer credit,Female,Local,17.8,2155000,47,0,0
KZ2026000935,2020-03-29,Mangystau,KZT,Personal loan,Consumer credit,Female,Local,18.0,578000,40,0,0
KZ2026000936,2021-01-07,Almaty,KZT,Personal loan,Consumer credit,Male,Local,17.0,380000,30,0,0
KZ2026000937,2021-05-25,Shymkent,KZT,Credit card,Consumer credit,Male,Local,46.3,517000,39,0,0
KZ2026000938,2021-05-03,Almaty,KZT,Personal loan,Consumer credit,Male,Local,16.3,4296000,35,0,0
KZ2026000939,2019-06-03,Turkistan,KZT,Personal loan,Consumer credit,Female,Local,34.4,1175000,46,0,0
KZ2026000940,2019-07-04,Nur-Sultan,KZT,Personal loan,Consumer credit,Male,Local,14.1,328000,33,0,0
KZ2026000941,2021-02-27,Almaty,KZT,Personal loan,Auto loan,Female,Local,18.6,10221000,39,0,0
KZ2026000942,2020-07-12,Pavlodar,KZT,Personal loan,Consumer credit,Male,Local,24.9,1819000,30,0,0
KZ2026000943,2020-04-24,Almaty,KZT,Personal loan,Consumer credit,Female,Local,33.7,1388000,27,350,1
KZ2026000944,2020-12-09,Almaty Region,KZT,Personal loan,Consumer credit,Female,Local,33.0,445000,39,0,0
KZ2026000945,2019-02-27,Atyrau,KZT,Personal loan,Consumer credit,Female,Local,23.4,1217000,27,0,0
KZ2026000946,2020-05-04,Almaty,KZT,Personal loan,Consumer credit,Male,Local,17.6,2152000,46,0,0
KZ2026000947,2020-05-20,Kostanay,KZT,Personal loan,Consumer credit,Male,Local,37.1,1840000,44,0,0
KZ2026000948,2021-04-05,North Kazakhstan,KZT,Personal loan,Consumer credit,Female,Local,17.3,673000,29,0,0
KZ2026000949,2020-02-17,North Kazakhstan,KZT,Personal loan,Consumer credit,Male,Local,2.3,1143000,39,0,0
KZ2026000950,2020-03-27,Aktobe,KZT,Credit card,Consumer credit,Female,Local,16.7,221000,29,0,0
KZ2026000951,2020-12-08,Zhambyl,KZT,Personal loan,Consumer credit,Male,Local,7.4,4937000,19,0,0
KZ2026000952,2019-08-27,Almaty,RUB,Credit card,Auto loan,Male,Local,34.3,10561000,30,0,0
KZ2026000953,2019-03-03,Almaty,RUB,Personal loan,Consumer credit,Male,Local,42.9,773000,36,0,0
KZ2026000954,2020-02-21,Almaty,KZT,Personal loan,Consumer credit,Female,Local,4.6,789000,43,0,0
KZ2026000955,2020-06-23,Shymkent,KZT,Personal loan,Consumer credit,Female,Local,15.8,841000,39,0,0
KZ2026000956,2020-03-06,Turkistan,KZT,Personal loan,Consumer credit,Male,Local,24.0,457000,47,0,0
KZ2026000957,2020-09-15,Mangystau,USD,Personal loan,Consumer credit,Male,Local,31.8,630000,26,0,0
KZ2026000958,2019-08-13,East Kazakhstan,RUB,Personal loan,Consumer credit,Male,Local,27.9,1464000,33,0,0
KZ2026000959,2019-01-13,East Kazakhstan,KZT,Personal loan,Consumer credit,Female,Local,20.2,1989000,55,0,0
KZ2026000960,2020-11-25,Zhambyl,KZT,Credit card,Consumer credit,Female,Local,52.7,148000,18,0,0
KZ2026000961,2021-01-21,Zhambyl,KZT,Personal loan,Consumer credit,Male,Local,24.7,325000,32,0,0
KZ2026000962,2020-06-29,Almaty Region,KZT,Personal loan,Consumer credit,Female,Local,25.7,1683000,25,0,0
KZ2026000963,2019-10-05,Almaty,KZT,Personal loan,Consumer credit,Female,Local,23.6,856000,35,0,0
KZ2026000964,2019-11-24,Almaty,KZT,Personal loan,Auto loan,Female,Foreigner,15.4,7282000,32,0,0
KZ2026000965,2020-02-28,Shymkent,KZT,Personal loan,Consumer credit,Male,Local,12.1,1525000,44,0,0
KZ2026000966,2020-01-08,East Kazakhstan,KZT,Personal loan,Consumer credit,Female,Local,5.6,223000,40,0,0
KZ2026000967,2019-07-17,Shymkent,KZT,Personal loan,Consumer credit,Female,Local,21.8,504000,23,0,0
KZ2026000968,2019-11-25,Almaty,KZT,Personal loan,Consumer credit,Male,Local,30.3,676000,31,0,0
KZ2026000969,2019-09-21,Zhambyl,KZT,Personal loan,Consumer credit,Male,Local,17.3,1747000,37,0,0
KZ2026000970,2020-01-31,Almaty,KZT,Personal loan,Consumer credit,Male,Local,24.9,490000,45,0,0
KZ2026000971,2019-11-28,Almaty,RUB,Personal loan,Consumer credit,Male,Local,11.6,1637000,64,0,0
KZ2026000972,2020-04-11,Nur-Sultan,KZT,Personal loan,Consumer credit,Male,Local,32.3,1206000,45,0,0
KZ2026000973,2020-12-13,Almaty,KZT,Personal loan,Auto loan,Female,Local,19.9,4725000,26,0,0
KZ2026000974,2019-10-20,Turkistan,KZT,Credit card,Consumer credit,Female,Local,30.9,1047000,36,0,0
KZ2026000975,2019-02-21,Aktobe,KZT,Personal loan,Consumer credit,Male,Local,24.1,1479000,39,0,0
KZ2026000976,2020-12-23,West Kazakhstan,KZT,Personal loan,Consumer credit,Male,Local,10.5,599000,31,0,0
KZ2026000977,2019-06-14,Atyrau,KZT,Credit card,Consumer credit,Female,Local,20.0,1072000,42,0,0
KZ2026000978,2021-03-30,Almaty Region,KZT,Personal loan,Consumer credit,Male,Local,21.7,1027000,18,0,0
KZ2026000979,2020-04-11,Zhambyl,KZT,Personal loan,Consumer credit,Male,Local,27.0,2316000,43,0,0
KZ2026000980,2020-04-06,Almaty,KZT,Personal loan,Consumer credit,Female,Foreigner,31.0,713000,32,0,0
KZ2026000981,2019-12-27,Shymkent,KZT,Credit card,Consumer credit,Male,Local,37.3,375000,36,0,0
KZ2026000982,2020-09-20,Pavlodar,KZT,Credit card,Consumer credit,Male,Local,43.0,192000,53,0,0
KZ2026000983,2020-07-30,Kyzylorda,KZT,Personal loan,Auto loan,Female,Local,15.5,4624000,23,0,0
KZ2026000984,2021-04-01,Atyrau,KZT,Personal loan,Consumer credit,Female,Local,25.1,2376000,40,0,0
KZ2026000985,2019-01-15,Almaty,KZT,Personal loan,Consumer credit,Male,Local,21.1,788000,46,0,0
KZ2026000986,2019-06-19,Turkistan,KZT,Personal loan,Auto loan,Female,Local,15.4,3122000,39,0,0
KZ2026000987,2019-09-03,Aktobe,KZT,Personal loan,Consumer credit,Female,Local,24.1,1625000,19,0,0
KZ2026000988,2019-06-17,Nur-Sultan,KZT,Personal loan,Consumer credit,Male,Local,38.4,595000,52,0,0
KZ2026000989,2021-04-17,Aktobe,EUR,Personal loan,Consumer credit,Female,Local,26.8,420000,35,0,0
KZ2026000990,2019-03-06,Mangystau,EUR,Personal loan,Consumer credit,Male,Local,14.4,1355000,31,0,0
KZ2026000991,2019-04-18,Karaganda,USD,Personal loan,Consumer credit,Male,Local,19.2,3095000,34,0,0
KZ2026000992,2020-01-26,Kyzylorda,KZT,Personal loan,Consumer credit,Male,Local,38.3,1047000,33,0,0
KZ2026000993,2019-08-22,Mangystau,KZT,Credit card,Consumer credit,Male,Local,12.2,151000,24,0,0
KZ2026000994,2019-10-20,Almaty,KZT,Personal loan,Consumer credit,Male,Local,45.0,697000,39,0,0
KZ2026000995,2020-06-17,Turkistan,KZT,Personal loan,Consumer credit,Female,Local,26.2,1973000,30,0,0
KZ2026000996,2020-05-09,Almaty Region,KZT,Credit card,Consumer credit,Male,Local,38.6,388000,44,0,0
KZ2026000997,2021-02-02,Karaganda,KZT,Personal loan,Consumer credit,Female,Local,7.3,752000,43,0,0
KZ2026000998,2020-02-03,Nur-Sultan,KZT,Personal loan,Consumer credit,Male,Local,20.9,616000,55,0,0
KZ2026000999,2021-04-07,Shymkent,KZT,Credit card,Consumer credit,Female,Local,37.7,556000,35,0,0
KZ2026001000,2019-06-17,Akmola,KZT,Personal loan,Consumer credit,Female,Local,12.2,994000,28,0,0
KZ2026001001,2019-06-21,Nur-Sultan,KZT,Personal loan,Consumer credit,Male,Local,0.0,2275000,21,0,0
KZ2026001002,2019-12-12,Atyrau,KZT,Credit card,Consumer credit,Female,Local,33.7,677000,61,0,0
KZ2026001003,2019-04-14,Almaty,KZT,Personal loan,Consumer credit,Female,Local,22.4,920000,44,0,0
KZ2026001004,2019-01-26,Almaty,KZT,Personal loan,Consumer credit,Male,Local,35.3,2690000,29,235,1
KZ2026001005,2019-11-24,Karaganda,KZT,Credit card,Consumer credit,Male,Local,30.0,388000,56,0,0
KZ2026001006,2020-04-19,Almaty Region,KZT,Personal loan,Consumer credit,Female,Local,21.8,1507000,52,0,0
KZ2026001007,2019-09-03,Turkistan,KZT,Personal loan,Consumer credit,Female,Local,30.0,187000,22,0,0
KZ2026001008,2019-08-28,Aktobe,KZT,Personal loan,Auto loan,Male,Local,22.5,2584000,29,0,0
KZ2026001009,2019-03-27,Kostanay,KZT,Personal loan,Consumer credit,Female,Local,16.7,551000,36,0,0
KZ2026001010,2019-04-10,Atyrau,KZT,Personal loan,Consumer credit,Male,Local,31.3,915000,25,0,0
KZ2026001011,2021-02-18,Karaganda,KZT,Personal loan,Consumer credit,Male,Local,18.0,1322000,36,338,1
KZ2026001012,2019-02-28,West Kazakhstan,KZT,Credit card,Consumer credit,Female,Local,31.4,393000,45,0,0
KZ2026001013,2020-09-12,Atyrau,KZT,Personal loan,Consumer credit,Female,Local,28.6,1530000,22,0,0
KZ2026001014,2020-09-22,Shymkent,KZT,Personal loan,Consumer credit,Male,Local,30.6,670000,40,243,1
KZ2026001015,2019-06-29,Aktobe,KZT,Personal loan,Auto loan,Male,Local,17.8,5460000,50,0,0
KZ2026001016,2019-08-07,Almaty,KZT,Credit card,Consumer credit,Male,Local,22.0,1360000,41,0,0
KZ2026001017,2019-11-21,Karaganda,KZT,Personal loan,Consumer credit,Female,Local,6.0,889000,36,0,0
KZ2026001018,2020-08-04,Pavlodar,KZT,Personal loan,Consumer credit,Male,Local,21.3,683000,30,0,0
KZ2026001019,2019-02-02,Nur-Sultan,KZT,Personal loan,Consumer credit,Male,Local,31.8,670000,46,0,0
KZ2026001020,2020-12-21,Atyrau,KZT,Personal loan,Consumer credit,Male,Foreigner,30.5,1290000,24,0,0
KZ2026001021,2019-10-29,Turkistan,KZT,Credit card,Consumer credit,Female,Local,31.5,236000,40,0,0
KZ2026001022,2020-03-17,Kyzylorda,KZT,Credit card,Consumer credit,Male,Local,34.5,96000,37,0,0
KZ2026001023,2021-03-14,Shymkent,KZT,Personal loan,Consumer credit,Female,Local,14.4,348000,49,0,0
KZ2026001024,2019-04-28,Zhambyl,KZT,Personal loan,Auto loan,Male,Local,20.5,6331000,31,0,0
KZ2026001025,2021-04-16,Karaganda,KZT,Personal loan,Consumer credit,Male,Local,29.8,3567000,32,313,1
KZ2026001026,2020-06-26,Akmola,RUB,Personal loan,Consumer credit,Male,Foreigner,22.3,7382000,23,0,0
KZ2026001027,2020-01-12,Shymkent,KZT,Personal loan,Auto loan,Male,Local,6.0,2561000,42,0,0
KZ2026001028,2019-03-05,Almaty Region,KZT,Personal loan,Consumer credit,Male,Foreigner,26.3,827000,32,0,0
KZ2026001029,2019-03-01,Kyzylorda,KZT,Personal loan,Consumer credit,Male,Local,34.7,338000,28,0,0
KZ2026001030,2020-12-22,Almaty Region,KZT,Credit card,Consumer credit,Male,Local,30.4,111000,29,0,0
KZ2026001031,2019-12-21,Zhambyl,KZT,Personal loan,Consumer credit,Male,Local,30.4,1491000,43,0,0
KZ2026001032,2020-11-03,Kostanay,KZT,Personal loan,Consumer credit,Male,Local,18.9,1897000,25,0,0
KZ2026001033,2021-01-05,East Kazakhstan,KZT,Personal loan,Consumer credit,Male,Local,1.3,6340000,26,0,0
KZ2026001034,2019-12-22,Turkistan,KZT,Personal loan,Consumer credit,Male,Local,20.7,1118000,47,0,0
KZ2026001035,2019-10-07,Almaty Region,KZT,Personal loan,Auto loan,Male,Local,17.6,2171000,35,0,0
KZ2026001036,2019-08-26,Karaganda,KZT,Personal loan,Auto loan,Female,Local,17.0,3786000,48,0,0
KZ2026001037,2020-07-16,Aktobe,KZT,Personal loan,Consumer credit,Female,Local,24.3,944000,33,0,0
KZ2026001038,2020-09-18,Almaty Region,KZT,Personal loan,Consumer credit,Female,Local,18.4,790000,87,192,1
KZ2026001039,2019-11-05,Atyrau,KZT,Credit card,Consumer credit,Male,Local,28.6,453000,39,0,0
KZ2026001040,2020-05-15,Almaty,KZT,Credit card,Consumer credit,Female,Local,22.8,141000,52,0,0
KZ2026001041,2020-04-21,Nur-Sultan,KZT,Personal loan,Consumer credit,Female,Local,4.7,1341000,51,0,0
KZ2026001042,2019-05-09,Karaganda,KZT,Personal loan,Consumer credit,Male,Local,21.5,2088000,75,0,0
KZ2026001043,2020-04-09,Karaganda,KZT,Personal loan,Consumer credit,Male,Local,15.4,4011000,30,0,0
KZ2026001044,2020-11-01,Karaganda,KZT,Personal loan,Consumer credit,Female,Local,32.3,1562000,26,0,0
KZ2026001045,2021-04-29,Nur-Sultan,KZT,Credit card,Consumer credit,Female,Local,13.5,765000,45,0,0
KZ2026001046,2019-10-22,Aktobe,KZT,Credit card,Consumer credit,Female,Local,33.8,251000,52,0,0
KZ2026001047,2019-07-30,Almaty,KZT,Personal loan,Consumer credit,Female,Local,41.9,927000,50,0,0
KZ2026001048,2021-02-28,Mangystau,KZT,Personal loan,Consumer credit,Female,Local,20.5,3773000,37,128,1
KZ2026001049,2021-03-22,North Kazakhstan,KZT,Personal loan,Auto loan,Female,Local,16.4,2158000,45,333,1
KZ2026001050,2021-01-02,Almaty,KZT,Personal loan,Consumer credit,Male,Local,26.7,852000,45,0,0
KZ2026001051,2019-10-24,Karaganda,RUB,Credit card,Consumer credit,Male,Local,34.7,1344000,39,0,0
KZ2026001052,2019-09-01,Almaty,KZT,Personal loan,Consumer credit,Female,Local,19.2,941000,39,0,0
KZ2026001053,2020-07-05,Akmola,KZT,Personal loan,Consumer credit,Male,Foreigner,17.1,958000,38,0,0
KZ2026001054,2019-08-14,Almaty,KZT,Personal loan,Consumer credit,Male,Local,5.5,1326000,28,0,0
KZ2026001055,2020-11-10,Akmola,KZT,Personal loan,Consumer credit,Male,Local,29.7,3021000,29,262,1
KZ2026001056,2019-12-18,Karaganda,KZT,Personal loan,Consumer credit,Male,Local,18.8,2632000,29,0,0
KZ2026001057,2019-10-16,Turkistan,KZT,Credit card,Consumer credit,Male,Local,31.4,353000,19,0,0
KZ2026001058,2020-12-11,Almaty,RUB,Personal loan,Consumer credit,Female,Local,17.4,3565000,39,0,0
KZ2026001059,2019-11-10,Zhambyl,KZT,Personal loan,Consumer credit,Male,Local,56.0,2491000,82,0,0
KZ2026001060,2019-04-26,Kostanay,KZT,Personal loan,Auto loan,Female,Local,17.8,2518000,45,0,0
KZ2026001061,2020-12-02,Shymkent,USD,Personal loan,Consumer credit,Male,Local,12.0,7052000,51,0,0
KZ2026001062,2019-10-07,Karaganda,KZT,Personal loan,Consumer credit,Female,Local,22.6,116000,52,0,0
KZ2026001063,2020-08-01,Almaty,KZT,Personal loan,Consumer credit,Female,Local,43.5,4918000,53,0,0
KZ2026001064,2020-08-04,Karaganda,KZT,Personal loan,Consumer credit,Female,Local,10.8,1205000,29,115,1
KZ2026001065,2019-03-15,Aktobe,KZT,Personal loan,Consumer credit,Male,Local,32.6,857000,21,0,0
KZ2026001066,2019-01-30,Shymkent,KZT,Personal loan,Auto loan,Male,Local,19.6,3046000,47,336,1
KZ2026001067,2020-12-25,Almaty Region,KZT,Personal loan,Consumer credit,Female,Local,36.4,1744000,52,0,0
KZ2026001068,2019-02-19,Karaganda,KZT,Credit card,Auto loan,Female,Local,35.3,2682000,54,0,0
KZ2026001069,2019-10-21,Nur-Sultan,KZT,Personal loan,Consumer credit,Male,Local,23.0,735000,42,0,0
KZ2026001070,2020-11-03,Almaty Region,KZT,Personal loan,Consumer credit,Female,Local,32.1,750000,18,0,0
KZ2026001071,2019-06-06,North Kazakhstan,KZT,Personal loan,Consumer credit,Female,Local,24.9,936000,41,0,0
KZ2026001072,2020-04-06,Karaganda,KZT,Personal loan,Auto loan,Male,Local,20.7,3172000,43,0,0
KZ2026001073,2019-04-13,Atyrau,KZT,Personal loan,Consumer credit,Female,Local,35.2,2477000,60,0,0
KZ2026001074,2020-05-07,Shymkent,KZT,Personal loan,Consumer credit,Male,Local,23.4,1511000,53,0,0
KZ2026001075,2020-09-22,North Kazakhstan,KZT,Personal loan,Consumer credit,Male,Local,18.7,1676000,47,0,0
KZ2026001076,2019-08-08,Aktobe,KZT,Personal loan,Consumer credit,Female,Local,16.6,2016000,31,0,0
KZ2026001077,2019-09-06,Zhambyl,KZT,Personal loan,Consumer credit,Male,Local,26.8,1109000,26,0,0
KZ2026001078,2020-04-14,East Kazakhstan,KZT,Credit card,Consumer credit,Female,Local,25.0,10000,43,0,0
KZ2026001079,2020-11-29,Karaganda,KZT,Personal loan,Consumer credit,Female,Local,18.8,5566000,28,0,0
KZ2026001080,2020-04-26,Aktobe,KZT,Credit card,Consumer credit,Female,Local,23.2,702000,53,0,0
KZ2026001081,2020-09-11,Almaty,KZT,Personal loan,Consumer credit,Male,Local,26.6,4727000,18,0,0
KZ2026001082,2020-01-01,Turkistan,KZT,Credit card,Consumer credit,Male,Local,24.9,760000,43,0,0
KZ2026001083,2019-04-24,Turkistan,KZT,Personal loan,Consumer credit,Male,Local,11.3,811000,41,0,0
KZ2026001084,2021-05-01,Pavlodar,KZT,Personal loan,Auto loan,Female,Local,10.0,1391000,35,0,0
KZ2026001085,2020-12-04,Shymkent,KZT,Personal loan,Consumer credit,Male,Local,18.1,422000,27,0,0
KZ2026001086,2019-02-13,Kyzylorda,KZT,Personal loan,Consumer credit,Female,Local,18.1,2061000,18,0,0
KZ2026001087,2019-09-01,Kyzylorda,KZT,Personal loan,Consumer credit,Male,Local,25.0,1101000,31,354,1
KZ2026001088,2020-01-02,Kyzylorda,KZT,Personal loan,Consumer credit,Male,Local,21.4,840000,31,0,0
KZ2026001089,2019-03-14,East Kazakhstan,KZT,Personal loan,Consumer credit,Female,Local,27.1,144000,49,0,0
KZ2026001090,2021-01-27,Atyrau,KZT,Personal loan,Consumer credit,Female,Local,26.8,1187000,28,0,0
KZ2026001091,2019-06-02,Almaty,KZT,Personal loan,Consumer credit,Male,Local,29.8,478000,42,0,0
KZ2026001092,2019-07-02,Karaganda,KZT,Personal loan,Consumer credit,Female,Foreigner,7.6,648000,23,0,0
KZ2026001093,2019-10-07,Akmola,KZT,Credit card,Consumer credit,Male,Local,35.5,662000,42,0,0
KZ2026001094,2021-04-05,Almaty,KZT,Personal loan,Consumer credit,Female,Local,25.1,500000,18,0,0
KZ2026001095,2019-07-19,West Kazakhstan,KZT,Personal loan,Consumer credit,Male,Local,31.9,543000,60,0,0
KZ2026001096,2020-01-11,Almaty Region,KZT,Personal loan,Consumer credit,Female,Local,8.7,1405000,35,0,0
KZ2026001097,2020-08-25,Almaty,KZT,Personal loan,Consumer credit,Male,Local,18.0,2519000,18,0,0
KZ2026001098,2019-05-19,Pavlodar,KZT,Personal loan,Auto loan,Male,Local,14.4,3337000,29,0,0
KZ2026001099,2019-03-20,North Kazakhstan,KZT,Personal loan,Consumer credit,Female,Local,23.6,4176000,27,0,0
KZ2026001100,2019-03-24,Almaty,KZT,Personal loan,Consumer credit,Male,Foreigner,26.4,405000,30,0,0
KZ2026001101,2019-06-12,Nur-Sultan,KZT,Personal loan,Auto loan,Male,Local,15.7,2079000,33,0,0
KZ2026001102,2019-10-16,Aktobe,KZT,Personal loan,Consumer credit,Male,Local,35.7,324000,30,0,0
KZ2026001103,2021-04-10,Mangystau,KZT,Personal loan,Auto loan,Male,Local,26.6,1902000,28,0,0
KZ2026001104,2021-03-23,Pavlodar,KZT,Personal loan,Consumer credit,Female,Local,12.5,1597000,24,0,0
KZ2026001105,2020-05-17,Almaty,KZT,Personal loan,Consumer credit,Male,Local,23.5,523000,46,0,0
KZ2026001106,2021-04-09,Mangystau,KZT,Personal loan,Consumer credit,Female,Local,30.5,362000,50,0,0
KZ2026001107,2019-01-26,Almaty,KZT,Personal loan,Consumer credit,Female,Local,27.8,1657000,34,0,0
KZ2026001108,2020-05-12,Almaty Region,KZT,Personal loan,Auto loan,Male,Local,13.4,5795000,37,0,0
KZ2026001109,2020-01-28,Shymkent,KZT,Personal loan,Consumer credit,Female,Local,24.5,2932000,25,0,0
KZ2026001110,2019-04-15,Almaty,KZT,Personal loan,Consumer credit,Male,Local,8.1,2525000,38,0,0
KZ2026001111,2020-05-03,Almaty,KZT,Credit card,Consumer credit,Male,Local,31.6,176000,40,0,0
KZ2026001112,2020-02-08,Almaty Region,KZT,Personal loan,Consumer credit,Male,Local,9.4,1517000,35,0,0
KZ2026001113,2020-11-05,Karaganda,KZT,Personal loan,Consumer credit,Male,Local,27.1,1831000,41,0,0
KZ2026001114,2020-01-04,Turkistan,KZT,Personal loan,Consumer credit,Male,Local,12.9,801000,40,0,0
KZ2026001115,2020-01-14,Shymkent,KZT,Personal loan,Consumer credit,Male,Local,24.1,1380000,25,0,0
KZ2026001116,2019-07-24,Nur-Sultan,KZT,Credit card,Consumer credit,Female,Local,34.4,137000,50,0,0
KZ2026001117,2020-02-22,Almaty,KZT,Personal loan,Auto loan,Female,Local,16.7,3016000,35,0,0
KZ2026001118,2019-03-09,Mangystau,KZT,Personal loan,Consumer credit,Female,Foreigner,18.6,1646000,55,0,0
KZ2026001119,2020-05-15,Akmola,KZT,Personal loan,Consumer credit,Female,Local,32.7,4322000,42,0,0
KZ2026001120,2019-12-03,Turkistan,KZT,Personal loan,Consumer credit,Female,Local,18.4,3193000,59,267,1
KZ2026001121,2019-08-30,Karaganda,RUB,Personal loan,Consumer credit,Male,Local,22.4,3119000,50,0,0
KZ2026001122,2019-11-25,Nur-Sultan,KZT,Personal loan,Consumer credit,Female,Local,17.7,1126000,39,0,0
KZ2026001123,2021-02-26,Pavlodar,KZT,Credit card,Consumer credit,Male,Local,40.1,118000,29,0,0
KZ2026001124,2020-09-13,Almaty,KZT,Credit card,Consumer credit,Female,Local,32.3,187000,29,0,0
KZ2026001125,2021-01-22,Almaty Region,EUR,Personal loan,Consumer credit,Female,Local,9.3,808000,43,130,1
KZ2026001126,2019-12-15,Zhambyl,KZT,Credit card,Consumer credit,Male,Local,29.0,711000,39,233,1
KZ2026001127,2019-12-14,East Kazakhstan,KZT,Personal loan,Consumer credit,Female,Local,34.9,2244000,31,0,0
KZ2026001128,2019-01-12,Kostanay,KZT,Personal loan,Auto loan,Female,Local,15.5,6811000,46,0,0
KZ2026001129,2020-08-25,Karaganda,KZT,Credit card,Consumer credit,Female,Local,20.3,369000,37,0,0
KZ2026001130,2019-01-18,Shymkent,KZT,Personal loan,Consumer credit,Male,Local,27.6,520000,46,0,0
KZ2026001131,2021-05-08,Shymkent,KZT,Personal loan,Consumer credit,Female,Local,38.8,1150000,26,0,0
KZ2026001132,2020-08-30,East Kazakhstan,KZT,Personal loan,Consumer credit,Female,Local,33.8,648000,48,0,0
KZ2026001133,2020-02-16,Nur-Sultan,KZT,Personal loan,Consumer credit,Male,Local,12.5,2099000,43,350,1
KZ2026001134,2020-08-06,Kostanay,KZT,Personal loan,Consumer credit,Female,Local,20.4,884000,50,0,0
KZ2026001135,2021-05-27,Shymkent,KZT,Personal loan,Consumer credit,Male,Local,22.5,1104000,48,0,0
KZ2026001136,2019-05-22,Aktobe,KZT,Personal loan,Consumer credit,Female,Local,22.2,2164000,36,0,0
KZ2026001137,2020-10-20,Atyrau,KZT,Personal loan,Consumer credit,Male,Local,26.5,639000,35,273,1
KZ2026001138,2021-02-03,Almaty Region,KZT,Personal loan,Consumer credit,Male,Local,19.2,2723000,57,0,0
KZ2026001139,2020-06-01,Nur-Sultan,KZT,Personal loan,Consumer credit,Male,Local,15.1,382000,34,0,0
KZ2026001140,2020-08-08,Karaganda,KZT,Personal loan,Consumer credit,Female,Local,31.1,1557000,45,0,0
KZ2026001141,2020-03-22,Aktobe,KZT,Personal loan,Consumer credit,Female,Local,12.6,1111000,33,0,0
KZ2026001142,2019-05-17,Mangystau,KZT,Personal loan,Consumer credit,Male,Local,15.1,2424000,97,0,0
KZ2026001143,2021-05-16,Pavlodar,KZT,Personal loan,Consumer credit,Male,Local,13.1,373000,23,0,0
KZ2026001144,2019-09-11,Pavlodar,KZT,Personal loan,Consumer credit,Female,Foreigner,32.5,327000,41,326,1
KZ2026001145,2019-12-07,Almaty Region,KZT,Credit card,Consumer credit,Male,Local,38.1,614000,45,92,1
KZ2026001146,2021-05-09,Aktobe,KZT,Personal loan,Auto loan,Male,Local,11.5,3355000,42,0,0
KZ2026001147,2019-02-20,Kyzylorda,KZT,Personal loan,Consumer credit,Female,Local,11.5,1111000,50,0,0
KZ2026001148,2019-12-27,Pavlodar,KZT,Personal loan,Consumer credit,Male,Local,19.0,685000,41,0,0
KZ2026001149,2020-05-05,East Kazakhstan,KZT,Personal loan,Consumer credit,Female,Local,20.7,2607000,28,0,0
KZ2026001150,2019-07-29,Turkistan,KZT,Personal loan,Consumer credit,Male,Local,24.5,1548000,44,0,0
KZ2026001151,2020-08-14,Almaty,KZT,Personal loan,Consumer credit,Female,Local,7.5,1472000,39,0,0
KZ2026001152,2020-04-07,Turkistan,KZT,Personal loan,Consumer credit,Female,Local,27.5,444000,81,0,0
KZ2026001153,2019-08-20,Nur-Sultan,KZT,Credit card,Consumer credit,Male,Local,24.0,510000,42,307,1
KZ2026001154,2019-07-01,Almaty,KZT,Personal loan,Consumer credit,Female,Local,17.3,516000,38,0,0
KZ2026001155,2019-09-11,Zhambyl,KZT,Personal loan,Consumer credit,Female,Local,33.6,686000,30,0,0
KZ2026001156,2020-11-30,Nur-Sultan,KZT,Personal loan,Consumer credit,Female,Local,3.7,376000,35,320,1
KZ2026001157,2020-04-04,Nur-Sultan,KZT,Credit card,Consumer credit,Male,Local,34.0,311000,53,0,0
KZ2026001158,2020-12-02,Nur-Sultan,KZT,Credit card,Consumer credit,Male,Local,33.5,778000,52,0,0
KZ2026001159,2020-09-26,Almaty Region,KZT,Personal loan,Consumer credit,Female,Local,15.2,1455000,39,0,0
KZ2026001160,2020-12-08,Mangystau,KZT,Personal loan,Consumer credit,Male,Local,18.9,824000,38,0,0
KZ2026001161,2021-01-25,Nur-Sultan,KZT,Personal loan,Consumer credit,Male,Local,33.6,1317000,21,0,0
KZ2026001162,2020-06-29,Karaganda,KZT,Personal loan,Consumer credit,Male,Local,40.3,1310000,56,0,0
KZ2026001163,2019-11-15,Pavlodar,KZT,Personal loan,Consumer credit,Female,Local,32.3,1269000,48,0,0
KZ2026001164,2020-09-04,Almaty,KZT,Personal loan,Consumer credit,Male,Local,39.6,1395000,71,0,0
KZ2026001165,2021-04-13,Almaty,KZT,Credit card,Consumer credit,Male,Local,26.2,160000,18,0,0
KZ2026001166,2019-10-11,North Kazakhstan,KZT,Personal loan,Auto loan,Female,Local,6.6,4196000,37,0,0
KZ2026001167,2020-03-06,Pavlodar,KZT,Personal loan,Auto loan,Male,Local,16.2,1816000,36,0,0
KZ2026001168,2021-02-15,Zhambyl,KZT,Personal loan,Consumer credit,Male,Local,29.7,1957000,45,0,0
KZ2026001169,2020-06-11,Pavlodar,KZT,Personal loan,Consumer credit,Male,Local,6.5,470000,32,0,0
KZ2026001170,2019-05-08,Nur-Sultan,KZT,Personal loan,Consumer credit,Male,Local,13.8,3265000,34,0,0
KZ2026001171,2019-11-06,Almaty Region,USD,Personal loan,Consumer credit,Female,Local,13.2,195000,44,0,0
KZ2026001172,2019-08-13,Kyzylorda,KZT,Personal loan,Consumer credit,Male,Local,25.5,298000,28,212,1
KZ2026001173,2020-02-26,Almaty,EUR,Personal loan,Consumer credit,Female,Local,13.0,544000,31,92,1
KZ2026001174,2021-05-26,Kyzylorda,KZT,Personal loan,Consumer credit,Male,Local,12.1,2030000,39,253,1
KZ2026001175,2021-01-11,East Kazakhstan,KZT,Personal loan,Consumer credit,Male,Local,19.0,943000,52,0,0
KZ2026001176,2021-04-28,Kyzylorda,KZT,Personal loan,Consumer credit,Male,Local,10.9,2563000,46,0,0
KZ2026001177,2020-10-16,Atyrau,KZT,Personal loan,Consumer credit,Male,Local,21.7,610000,49,0,0
KZ2026001178,2020-03-24,Almaty Region,USD,Credit card,Consumer credit,Male,Local,18.3,387000,38,0,0
KZ2026001179,2020-08-05,Almaty,KZT,Credit card,Consumer credit,Male,Local,31.3,234000,53,0,0
KZ2026001180,2020-03-16,Almaty,KZT,Personal loan,Consumer credit,Female,Local,21.5,232000,18,0,0
KZ2026001181,2019-02-06,Kyzylorda,KZT,Personal loan,Consumer credit,Male,Local,38.6,1175000,59,0,0
KZ2026001182,2019-04-14,Almaty,KZT,Personal loan,Consumer credit,Female,Local,26.2,1088000,61,0,0
KZ2026001183,2020-05-04,Nur-Sultan,KZT,Personal loan,Consumer credit,Male,Local,18.9,3000000,42,0,0
KZ2026001184,2020-08-05,Almaty,KZT,Personal loan,Consumer credit,Male,Local,18.0,402000,46,0,0
KZ2026001185,2019-08-12,Almaty,KZT,Personal loan,Consumer credit,Female,Local,12.4,697000,37,0,0
KZ2026001186,2019-01-28,Pavlodar,KZT,Personal loan,Consumer credit,Male,Local,21.6,3338000,35,0,0
KZ2026001187,2019-03-03,Almaty Region,KZT,Personal loan,Consumer credit,Male,Local,25.3,1540000,30,0,0
KZ2026001188,2019-10-05,Shymkent,KZT,Personal loan,Consumer credit,Male,Local,5.2,1914000,36,0,0
KZ2026001189,2021-01-30,Almaty,KZT,Personal loan,Consumer credit,Male,Local,10.2,1764000,43,0,0
KZ2026001190,2020-01-05,Karaganda,KZT,Personal loan,Consumer credit,Female,Local,17.9,1771000,42,0,0
KZ2026001191,2021-05-09,Atyrau,KZT,Personal loan,Auto loan,Male,Local,9.1,9077000,59,0,0
KZ2026001192,2021-02-28,Almaty Region,KZT,Personal loan,Consumer credit,Female,Local,23.1,1297000,38,0,0
KZ2026001193,2021-01-27,North Kazakhstan,KZT,Personal loan,Consumer credit,Male,Foreigner,28.1,508000,21,0,0
KZ2026001194,2021-05-05,Shymkent,KZT,Personal loan,Consumer credit,Male,Local,27.4,2065000,55,0,0
KZ2026001195,2019-08-02,North Kazakhstan,KZT,Personal loan,Consumer credit,Male,Local,17.7,741000,24,0,0
KZ2026001196,2021-05-10,Almaty,KZT,Credit card,Auto loan,Male,Local,29.7,3807000,31,0,0
KZ2026001197,2021-03-26,Almaty,KZT,Personal loan,Consumer credit,Female,Local,13.5,1644000,40,0,0
KZ2026001198,2020-12-06,Karaganda,KZT,Credit card,Consumer credit,Female,Local,33.9,189000,42,0,0
KZ2026001199,2019-06-20,Akmola,KZT,Personal loan,Consumer credit,Male,Local,23.6,778000,21,0,0
KZ2026001200,2019-09-14,Kyzylorda,KZT,Personal loan,Consumer credit,Male,Local,11.7,1798000,29,0,0
KZ2026001201,2020-07-30,Zhambyl,KZT,Personal loan,Consumer credit,Female,Local,21.6,753000,21,0,0
KZ2026001202,2019-02-10,Zhambyl,KZT,Personal loan,Consumer credit,Male,Local,21.9,2745000,44,0,0
KZ2026001203,2020-12-26,Pavlodar,KZT,Personal loan,Consumer credit,Female,Local,25.7,519000,50,0,0
KZ2026001204,2020-01-11,Kostanay,KZT,Credit card,Consumer credit,Male,Local,34.3,167000,24,341,1
KZ2026001205,2019-01-20,Nur-Sultan,KZT,Personal loan,Consumer credit,Male,Local,15.4,6065000,48,0,0
KZ2026001206,2019-09-20,Nur-Sultan,KZT,Personal loan,Consumer credit,Male,Local,30.3,327000,47,0,0
KZ2026001207,2019-12-15,West Kazakhstan,KZT,Personal loan,Consumer credit,Male,Local,27.4,1173000,30,0,0
KZ2026001208,2020-08-01,East Kazakhstan,KZT,Personal loan,Consumer credit,Female,Local,15.4,5790000,18,0,0
KZ2026001209,2020-06-15,Almaty,KZT,Personal loan,Consumer credit,Female,Local,12.4,1171000,25,0,0
KZ2026001210,2019-11-24,Almaty Region,KZT,Personal loan,Consumer credit,Female,Local,16.3,3770000,30,0,0
KZ2026001211,2020-06-30,Kyzylorda,KZT,Personal loan,Consumer credit,Female,Local,9.2,2090000,54,0,0
KZ2026001212,2021-02-25,Pavlodar,KZT,Personal loan,Consumer credit,Male,Local,24.6,1193000,36,0,0
KZ2026001213,2019-11-06,Zhambyl,KZT,Personal loan,Consumer credit,Male,Local,33.4,1074000,26,0,0
KZ2026001214,2019-11-27,Almaty Region,KZT,Personal loan,Consumer credit,Male,Local,36.4,198000,39,0,0
KZ2026001215,2019-03-31,Akmola,KZT,Personal loan,Consumer credit,Female,Local,13.0,915000,23,0,0
KZ2026001216,2019-11-30,East Kazakhstan,KZT,Personal loan,Consumer credit,Male,Local,29.7,1462000,43,0,0
KZ2026001217,2019-09-08,Aktobe,KZT,Personal loan,Consumer credit,Female,Local,23.4,1461000,26,0,0
KZ2026001218,2020-11-01,Zhambyl,KZT,Personal loan,Consumer credit,Female,Local,0.0,9760000,28,0,0
KZ2026001219,2019-04-10,Karaganda,USD,Personal loan,Consumer credit,Female,Local,12.9,2537000,41,0,0
KZ2026001220,2020-06-04,Nur-Sultan,KZT,Personal loan,Consumer credit,Female,Local,33.1,3230000,56,0,0
KZ2026001221,2020-11-12,Nur-Sultan,KZT,Personal loan,Consumer credit,Female,Local,14.6,1900000,61,0,0
KZ2026001222,2019-08-14,Almaty,KZT,Personal loan,Consumer credit,Female,Local,27.8,1115000,26,0,0
KZ2026001223,2019-03-01,Turkistan,KZT,Personal loan,Consumer credit,Female,Local,21.8,1120000,30,0,0
KZ2026001224,2020-08-20,Karaganda,KZT,Personal loan,Consumer credit,Male,Local,9.8,891000,43,0,0
KZ2026001225,2020-06-03,Almaty,KZT,Personal loan,Consumer credit,Female,Local,17.5,1750000,50,0,0
KZ2026001226,2020-05-12,Turkistan,KZT,Personal loan,Consumer credit,Male,Local,36.6,1038000,60,294,1
KZ2026001227,2021-02-15,Atyrau,KZT,Personal loan,Consumer credit,Female,Foreigner,24.7,2041000,38,0,0
KZ2026001228,2019-04-02,Atyrau,KZT,Personal loan,Consumer credit,Female,Local,30.8,509000,32,0,0
KZ2026001229,2019-06-24,Shymkent,KZT,Personal loan,Consumer credit,Male,Local,18.6,1360000,18,0,0
KZ2026001230,2020-02-17,Nur-Sultan,KZT,Credit card,Consumer credit,Female,Local,20.5,1121000,22,0,0
KZ2026001231,2020-05-11,Almaty,USD,Personal loan,Consumer credit,Male,Local,7.5,1457000,31,0,0
KZ2026001232,2021-03-22,West Kazakhstan,KZT,Personal loan,Consumer credit,Female,Local,24.0,1379000,38,0,0
KZ2026001233,2020-06-30,Almaty,KZT,Personal loan,Consumer credit,Female,Local,7.1,1144000,48,0,0
KZ2026001234,2019-07-07,Karaganda,KZT,Personal loan,Consumer credit,Female,Local,30.2,1325000,41,0,0
KZ2026001235,2021-01-22,Almaty,KZT,Personal loan,Consumer credit,Female,Foreigner,10.0,921000,47,0,0
KZ2026001236,2020-01-02,Nur-Sultan,KZT,Personal loan,Consumer credit,Male,Local,24.3,223000,37,0,0
KZ2026001237,2021-02-05,Almaty,KZT,Personal loan,Consumer credit,Male,Local,45.0,2536000,29,194,1
KZ2026001238,2019-09-01,Almaty Region,KZT,Personal loan,Consumer credit,Female,Local,29.1,7738000,35,0,0
KZ2026001239,2020-11-29,Almaty,KZT,Personal loan,Consumer credit,Male,Local,18.2,1805000,45,0,0
KZ2026001240,2020-04-19,Almaty,KZT,Credit card,Consumer credit,Male,Local,31.4,525000,48,113,1
KZ2026001241,2020-05-05,North Kazakhstan,KZT,Personal loan,Consumer credit,Male,Local,31.1,1027000,35,0,0
KZ2026001242,2021-05-11,Aktobe,KZT,Personal loan,Consumer credit,Male,Local,35.0,3211000,27,0,0
KZ2026001243,2019-05-17,Aktobe,KZT,Personal loan,Consumer credit,Female,Local,20.5,1161000,41,0,0
KZ2026001244,2019-10-01,Nur-Sultan,KZT,Credit card,Consumer credit,Male,Local,29.5,428000,42,0,0
KZ2026001245,2019-06-11,Aktobe,KZT,Personal loan,Consumer credit,Male,Local,15.9,317000,51,0,0
KZ2026001246,2021-01-05,Almaty,KZT,Credit card,Consumer credit,Female,Local,36.9,235000,30,0,0
KZ2026001247,2021-01-20,Karaganda,KZT,Credit card,Consumer credit,Female,Local,39.4,461000,30,0,0
KZ2026001248,2021-01-10,Almaty,KZT,Personal loan,Consumer credit,Male,Local,4.9,2595000,45,0,0
KZ2026001249,2019-07-30,Turkistan,KZT,Personal loan,Consumer credit,Female,Local,18.7,2657000,33,0,0
KZ2026001250,2019-08-18,Turkistan,KZT,Personal loan,Auto loan,Male,Local,9.2,1965000,32,0,0
KZ2026001251,2019-12-22,Nur-Sultan,KZT,Personal loan,Consumer credit,Female,Local,24.7,342000,51,0,0
KZ2026001252,2020-11-13,Nur-Sultan,KZT,Personal loan,Auto loan,Male,Local,8.5,5203000,22,0,0
KZ2026001253,2020-10-25,Almaty,KZT,Credit card,Auto loan,Male,Local,19.7,2858000,60,270,1
KZ2026001254,2021-05-22,Karaganda,KZT,Personal loan,Consumer credit,Male,Local,32.4,2567000,30,0,0
KZ2026001255,2020-11-23,Almaty,KZT,Personal loan,Consumer credit,Female,Local,21.9,300000,47,0,0
KZ2026001256,2021-04-22,North Kazakhstan,KZT,Personal loan,Consumer credit,Male,Local,22.2,1104000,36,0,0
KZ2026001257,2019-08-24,Kyzylorda,KZT,Personal loan,Consumer credit,Male,Local,26.6,1166000,40,0,0
KZ2026001258,2020-06-18,Pavlodar,KZT,Credit card,Consumer credit,Female,Local,38.9,502000,34,231,1
KZ2026001259,2020-04-15,Zhambyl,RUB,Personal loan,Consumer credit,Male,Local,19.1,815000,46,0,0
KZ2026001260,2019-05-14,Shymkent,KZT,Personal loan,Auto loan,Female,Local,13.7,4320000,33,0,0
KZ2026001261,2021-04-16,Nur-Sultan,RUB,Credit card,Consumer credit,Male,Local,27.7,922000,31,0,0
KZ2026001262,2019-04-16,Almaty Region,KZT,Credit card,Auto loan,Male,Local,38.8,3404000,57,0,0
KZ2026001263,2021-01-24,Aktobe,KZT,Personal loan,Consumer credit,Male,Local,21.7,2320000,37,0,0
KZ2026001264,2019-08-24,Shymkent,KZT,Personal loan,Consumer credit,Male,Local,19.9,1813000,30,0,0
KZ2026001265,2019-07-15,West Kazakhstan,KZT,Personal loan,Consumer credit,Male,Local,25.6,3693000,21,0,0
KZ2026001266,2020-06-14,Pavlodar,KZT,Personal loan,Consumer credit,Female,Local,39.2,1145000,58,0,0
KZ2026001267,2020-02-17,Almaty,KZT,Personal loan,Consumer credit,Female,Local,24.1,276000,31,0,0
KZ2026001268,2019-12-08,Shymkent,KZT,Personal loan,Consumer credit,Male,Local,20.3,1133000,60,0,0
KZ2026001269,2021-03-08,East Kazakhstan,KZT,Credit card,Consumer credit,Male,Local,46.9,374000,41,0,0
KZ2026001270,2020-09-09,East Kazakhstan,KZT,Personal loan,Consumer credit,Female,Local,34.4,1864000,39,0,0
KZ2026001271,2020-06-21,Shymkent,EUR,Credit card,Consumer credit,Male,Foreigner,36.3,174000,39,0,0
KZ2026001272,2020-11-26,Almaty Region,KZT,Credit card,Consumer credit,Female,Foreigner,19.6,671000,61,0,0
KZ2026001273,2020-12-10,Almaty Region,KZT,Personal loan,Consumer credit,Female,Local,23.4,1098000,18,0,0
KZ2026001274,2019-06-09,West Kazakhstan,KZT,Personal loan,Consumer credit,Male,Local,6.6,925000,39,0,0
KZ2026001275,2020-01-25,Almaty,KZT,Personal loan,Consumer credit,Female,Local,32.7,6066000,34,0,0
KZ2026001276,2021-03-10,Aktobe,KZT,Personal loan,Consumer credit,Female,Local,20.1,483000,35,0,0
KZ2026001277,2020-12-20,Almaty,KZT,Personal loan,Consumer credit,Female,Local,20.2,3423000,39,0,0
KZ2026001278,2019-02-23,Nur-Sultan,KZT,Personal loan,Consumer credit,Female,Local,8.6,2859000,34,0,0
KZ2026001279,2019-08-06,North Kazakhstan,KZT,Personal loan,Consumer credit,Male,Local,27.2,991000,39,0,0
KZ2026001280,2019-08-22,West Kazakhstan,KZT,Personal loan,Auto loan,Female,Local,19.1,3941000,37,0,0
KZ2026001281,2020-03-29,Aktobe,KZT,Personal loan,Consumer credit,Male,Foreigner,23.4,1163000,23,0,0
KZ2026001282,2020-12-20,Almaty Region,KZT,Personal loan,Consumer credit,Male,Local,46.3,1401000,41,0,0
KZ2026001283,2020-03-02,Almaty Region,KZT,Personal loan,Consumer credit,Female,Local,12.1,724000,45,0,0
KZ2026001284,2019-06-12,Karaganda,KZT,Personal loan,Auto loan,Male,Local,11.8,3299000,31,0,0
KZ2026001285,2020-05-07,Turkistan,KZT,Credit card,Consumer credit,Female,Local,37.2,268000,58,257,1
KZ2026001286,2019-07-14,Turkistan,KZT,Credit card,Consumer credit,Female,Local,23.4,275000,52,350,1
KZ2026001287,2020-08-21,Almaty Region,KZT,Personal loan,Consumer credit,Female,Local,13.0,921000,46,0,0
KZ2026001288,2021-05-11,Aktobe,KZT,Personal loan,Consumer credit,Female,Local,33.9,179000,46,0,0
KZ2026001289,2020-07-12,Atyrau,EUR,Personal loan,Consumer credit,Female,Local,19.9,2164000,37,0,0
KZ2026001290,2021-03-16,Zhambyl,KZT,Personal loan,Consumer credit,Female,Local,25.2,245000,50,0,0
KZ2026001291,2020-04-25,Atyrau,KZT,Personal loan,Consumer credit,Female,Local,16.6,891000,54,0,0
KZ2026001292,2020-12-18,Karaganda,KZT,Personal loan,Consumer credit,Female,Local,20.6,868000,46,0,0
KZ2026001293,2021-04-10,Zhambyl,KZT,Credit card,Consumer credit,Female,Local,30.2,911000,31,0,0
KZ2026001294,2019-06-03,Aktobe,KZT,Personal loan,Consumer credit,Male,Local,30.6,759000,37,0,0
KZ2026001295,2020-08-10,Aktobe,KZT,Personal loan,Consumer credit,Male,Local,26.2,2117000,43,0,0
KZ2026001296,2019-08-14,Almaty Region,KZT,Credit card,Consumer credit,Male,Local,23.4,987000,46,0,0
KZ2026001297,2019-03-16,Nur-Sultan,KZT,Personal loan,Consumer credit,Male,Local,30.1,704000,36,0,0
KZ2026001298,2019-07-27,Almaty,KZT,Personal loan,Consumer credit,Male,Local,7.6,1153000,31,295,1
KZ2026001299,2019-05-06,Kostanay,KZT,Credit card,Consumer credit,Female,Local,28.1,1280000,54,0,0
KZ2026001300,2019-06-16,Almaty Region,KZT,Personal loan,Auto loan,Female,Local,9.2,4434000,25,0,0
KZ2026001301,2019-01-06,Almaty,KZT,Personal loan,Consumer credit,Female,Local,14.8,1649000,27,0,0
KZ2026001302,2021-05-06,Zhambyl,KZT,Personal loan,Consumer credit,Female,Local,40.2,849000,22,0,0
KZ2026001303,2020-01-24,Kyzylorda,EUR,Credit card,Consumer credit,Female,Local,13.3,913000,27,0,0
KZ2026001304,2019-05-27,Almaty,KZT,Personal loan,Consumer credit,Female,Local,28.1,253000,51,0,0
KZ2026001305,2019-10-31,Pavlodar,KZT,Personal loan,Consumer credit,Female,Local,18.6,887000,51,0,0
KZ2026001306,2020-10-21,Turkistan,KZT,Personal loan,Consumer credit,Male,Local,24.6,439000,36,0,0
KZ2026001307,2020-07-12,West Kazakhstan,KZT,Personal loan,Consumer credit,Female,Local,35.5,1320000,42,0,0
KZ2026001308,2019-02-15,Karaganda,KZT,Personal loan,Consumer credit,Male,Local,29.0,550000,37,0,0
KZ2026001309,2019-05-11,Nur-Sultan,RUB,Personal loan,Consumer credit,Male,Local,18.2,2224000,24,0,0
KZ2026001310,2020-04-25,Shymkent,KZT,Personal loan,Consumer credit,Male,Local,22.1,415000,61,0,0
KZ2026001311,2021-05-06,Almaty Region,KZT,Personal loan,Consumer credit,Female,Local,27.7,790000,52,0,0
KZ2026001312,2019-03-04,Turkistan,KZT,Personal loan,Consumer credit,Female,Local,28.1,2034000,41,0,0
KZ2026001313,2021-01-31,West Kazakhstan,KZT,Personal loan,Consumer credit,Male,Local,22.4,3184000,28,0,0
KZ2026001314,2019-02-24,Nur-Sultan,KZT,Personal loan,Auto loan,Female,Local,18.5,2665000,35,0,0
KZ2026001315,2020-03-13,Nur-Sultan,KZT,Personal loan,Consumer credit,Male,Local,26.4,472000,29,0,0
KZ2026001316,2019-07-23,Karaganda,KZT,Personal loan,Consumer credit,Male,Foreigner,24.0,6301000,38,0,0
KZ2026001317,2020-01-09,Zhambyl,KZT,Credit card,Consumer credit,Male,Local,37.3,347000,40,0,0
KZ2026001318,2021-03-28,Nur-Sultan,KZT,Credit card,Consumer credit,Male,Local,33.6,375000,33,0,0
KZ2026001319,2019-07-10,Kyzylorda,KZT,Personal loan,Auto loan,Female,Local,3.8,2868000,21,0,0
KZ2026001320,2020-07-18,North Kazakhstan,KZT,Personal loan,Consumer credit,Male,Local,15.2,1441000,60,0,0
KZ2026001321,2019-10-22,East Kazakhstan,KZT,Personal loan,Consumer credit,Male,Local,17.6,5156000,40,0,0
KZ2026001322,2020-07-29,Atyrau,KZT,Personal loan,Consumer credit,Male,Local,20.8,1490000,42,0,0
KZ2026001323,2019-02-18,Nur-Sultan,KZT,Personal loan,Consumer credit,Female,Local,33.1,2967000,32,0,0
KZ2026001324,2019-09-20,Mangystau,KZT,Credit card,Consumer credit,Female,Local,56.0,358000,97,319,1
KZ2026001325,2021-04-25,Aktobe,KZT,Personal loan,Consumer credit,Female,Local,1.0,502000,36,0,0
KZ2026001326,2020-09-30,Turkistan,KZT,Personal loan,Consumer credit,Female,Local,25.7,671000,33,0,0
KZ2026001327,2021-04-07,Almaty Region,KZT,Credit card,Consumer credit,Female,Local,32.3,151000,45,0,0
KZ2026001328,2020-08-24,Zhambyl,KZT,Personal loan,Consumer credit,Male,Local,21.0,1444000,47,0,0
KZ2026001329,2019-06-13,Akmola,KZT,Personal loan,Consumer credit,Male,Local,27.0,3396000,45,0,0
KZ2026001330,2020-02-12,Almaty,KZT,Personal loan,Consumer credit,Male,Local,24.0,1376000,48,0,0
KZ2026001331,2021-02-14,Mangystau,KZT,Personal loan,Consumer credit,Male,Local,19.6,924000,57,0,0
KZ2026001332,2020-08-25,East Kazakhstan,RUB,Credit card,Consumer credit,Male,Local,31.7,291000,41,0,0
KZ2026001333,2020-04-04,Zhambyl,KZT,Personal loan,Consumer credit,Male,Local,28.3,419000,49,0,0
KZ2026001334,2021-02-04,Shymkent,KZT,Personal loan,Consumer credit,Male,Local,27.4,458000,42,0,0
KZ2026001335,2019-04-11,Shymkent,KZT,Personal loan,Consumer credit,Male,Local,24.0,2579000,18,0,0
KZ2026001336,2021-04-28,North Kazakhstan,KZT,Credit card,Auto loan,Male,Local,25.5,3530000,35,0,0
KZ2026001337,2019-04-22,Almaty,KZT,Personal loan,Consumer credit,Male,Local,48.2,932000,27,0,0
KZ2026001338,2021-05-29,West Kazakhstan,KZT,Personal loan,Auto loan,Female,Local,18.3,3707000,40,0,0
KZ2026001339,2020-12-11,Turkistan,KZT,Personal loan,Consumer credit,Female,Local,29.2,2224000,28,0,0
KZ2026001340,2020-03-07,Almaty Region,KZT,Credit card,Consumer credit,Male,Local,27.2,396000,44,0,0
KZ2026001341,2020-02-25,Nur-Sultan,KZT,Personal loan,Consumer credit,Male,Local,24.7,638000,48,0,0
KZ2026001342,2019-01-29,Pavlodar,KZT,Personal loan,Auto loan,Male,Local,17.3,2910000,50,0,0
KZ2026001343,2019-10-07,East Kazakhstan,KZT,Credit card,Consumer credit,Male,Local,16.1,302000,55,0,0
KZ2026001344,2019-07-22,Zhambyl,KZT,Personal loan,Auto loan,Male,Local,11.7,4583000,19,0,0
KZ2026001345,2020-09-16,Shymkent,KZT,Personal loan,Consumer credit,Male,Local,16.1,1164000,24,0,0
KZ2026001346,2019-06-23,West Kazakhstan,RUB,Personal loan,Consumer credit,Female,Local,17.1,1682000,69,0,0
KZ2026001347,2020-12-12,Almaty Region,KZT,Personal loan,Consumer credit,Female,Local,13.1,1164000,48,0,0
KZ2026001348,2019-09-23,Almaty Region,KZT,Personal loan,Consumer credit,Female,Local,23.4,618000,39,0,0
KZ2026001349,2021-01-20,Almaty Region,KZT,Personal loan,Consumer credit,Female,Foreigner,36.2,3075000,37,0,0
KZ2026001350,2019-11-15,Almaty,KZT,Personal loan,Consumer credit,Female,Local,12.3,796000,36,0,0
KZ2026001351,2020-10-26,Mangystau,KZT,Personal loan,Consumer credit,Female,Local,13.4,1339000,18,0,0
KZ2026001352,2020-08-13,Pavlodar,KZT,Personal loan,Consumer credit,Female,Local,20.2,208000,29,0,0
KZ2026001353,2021-05-23,Akmola,KZT,Credit card,Consumer credit,Female,Local,20.1,298000,36,0,0
KZ2026001354,2020-04-09,Akmola,KZT,Personal loan,Consumer credit,Female,Local,25.9,471000,29,0,0
KZ2026001355,2019-11-08,North Kazakhstan,KZT,Personal loan,Consumer credit,Female,Local,35.3,522000,31,270,1
KZ2026001356,2020-07-27,Nur-Sultan,KZT,Personal loan,Consumer credit,Female,Local,16.4,9404000,65,0,0
KZ2026001357,2019-01-27,East Kazakhstan,RUB,Personal loan,Consumer credit,Male,Local,23.0,2384000,34,129,1
KZ2026001358,2021-05-08,Atyrau,KZT,Personal loan,Consumer credit,Male,Local,18.5,2483000,40,0,0
KZ2026001359,2020-08-21,Kostanay,KZT,Personal loan,Consumer credit,Male,Local,16.6,2768000,40,0,0
KZ2026001360,2019-02-13,Almaty,KZT,Personal loan,Consumer credit,Male,Local,24.5,1013000,43,0,0
KZ2026001361,2019-06-02,Karaganda,KZT,Personal loan,Consumer credit,Male,Local,16.0,4701000,32,0,0
KZ2026001362,2019-01-13,Almaty Region,KZT,Personal loan,Consumer credit,Male,Local,15.1,2465000,51,0,0
KZ2026001363,2020-08-12,Karaganda,KZT,Credit card,Consumer credit,Male,Local,18.4,361000,42,0,0
KZ2026001364,2020-08-10,Nur-Sultan,USD,Credit card,Consumer credit,Female,Local,24.9,494000,23,0,0
KZ2026001365,2019-05-24,Atyrau,KZT,Personal loan,Consumer credit,Male,Local,29.0,1254000,36,0,0
KZ2026001366,2020-04-27,East Kazakhstan,KZT,Personal loan,Consumer credit,Male,Local,36.2,1156000,35,226,1
KZ2026001367,2020-03-08,Almaty,KZT,Personal loan,Consumer credit,Male,Local,16.5,1660000,35,0,0
KZ2026001368,2020-03-02,Almaty,KZT,Personal loan,Consumer credit,Male,Local,29.6,5266000,43,0,0
KZ2026001369,2020-06-29,Almaty,KZT,Credit card,Consumer credit,Female,Local,23.0,142000,44,0,0
KZ2026001370,2021-01-23,Aktobe,KZT,Credit card,Auto loan,Female,Local,35.5,6688000,43,0,0
KZ2026001371,2021-03-18,Nur-Sultan,KZT,Personal loan,Consumer credit,Male,Local,37.7,878000,41,0,0
KZ2026001372,2019-05-21,Shymkent,KZT,Credit card,Consumer credit,Female,Local,34.8,907000,38,0,0
KZ2026001373,2021-04-13,Almaty Region,KZT,Personal loan,Consumer credit,Male,Local,37.8,904000,18,0,0
KZ2026001374,2020-05-21,Pavlodar,KZT,Credit card,Consumer credit,Female,Local,26.4,477000,46,0,0
KZ2026001375,2019-06-09,Shymkent,KZT,Personal loan,Consumer credit,Female,Local,21.6,1048000,42,0,0
KZ2026001376,2021-04-02,Nur-Sultan,KZT,Personal loan,Consumer credit,Female,Local,15.2,276000,26,0,0
KZ2026001377,2019-11-23,Karaganda,KZT,Personal loan,Consumer credit,Male,Local,22.2,5262000,84,0,0
KZ2026001378,2020-01-29,North Kazakhstan,KZT,Credit card,Consumer credit,Female,Local,33.9,173000,44,0,0
KZ2026001379,2021-05-03,Karaganda,KZT,Personal loan,Consumer credit,Female,Local,22.9,1289000,50,0,0
KZ2026001380,2020-05-27,Almaty Region,KZT,Personal loan,Consumer credit,Female,Local,18.9,491000,43,0,0
KZ2026001381,2019-05-07,Almaty Region,KZT,Personal loan,Consumer credit,Male,Foreigner,21.9,385000,41,0,0
KZ2026001382,2019-03-03,Nur-Sultan,KZT,Personal loan,Consumer credit,Male,Local,21.4,1008000,47,0,0
KZ2026001383,2020-12-25,Zhambyl,KZT,Credit card,Consumer credit,Male,Local,22.4,224000,34,0,0
KZ2026001384,2019-11-05,Shymkent,KZT,Personal loan,Consumer credit,Male,Local,6.1,444000,42,0,0
KZ2026001385,2019-03-29,Shymkent,KZT,Personal loan,Consumer credit,Female,Local,17.4,1164000,30,0,0
KZ2026001386,2019-02-06,Nur-Sultan,KZT,Personal loan,Consumer credit,Male,Local,10.9,341000,49,0,0
KZ2026001387,2021-04-14,Kostanay,KZT,Personal loan,Consumer credit,Male,Local,15.1,1335000,19,0,0
KZ2026001388,2020-05-20,Akmola,KZT,Personal loan,Consumer credit,Female,Local,19.0,1077000,46,0,0
KZ2026001389,2020-04-07,Turkistan,KZT,Personal loan,Consumer credit,Male,Local,22.5,146000,37,0,0
KZ2026001390,2020-06-05,Nur-Sultan,KZT,Personal loan,Consumer credit,Female,Local,16.9,769000,48,0,0
KZ2026001391,2020-01-05,Shymkent,KZT,Personal loan,Consumer credit,Female,Local,42.2,1787000,28,0,0
KZ2026001392,2021-04-19,Pavlodar,KZT,Personal loan,Auto loan,Female,Local,8.8,2479000,38,292,1
KZ2026001393,2020-06-15,Almaty,KZT,Personal loan,Consumer credit,Female,Local,33.4,1854000,38,0,0
KZ2026001394,2020-07-17,Nur-Sultan,KZT,Personal loan,Consumer credit,Male,Foreigner,24.8,1733000,42,0,0
KZ2026001395,2021-02-27,Pavlodar,KZT,Credit card,Consumer credit,Male,Local,36.4,163000,25,0,0
KZ2026001396,2019-01-03,Almaty,KZT,Credit card,Consumer credit,Female,Local,27.7,347000,44,0,0
KZ2026001397,2019-10-09,Zhambyl,KZT,Personal loan,Consumer credit,Male,Local,15.1,2420000,18,0,0
KZ2026001398,2021-01-05,Turkistan,KZT,Personal loan,Consumer credit,Male,Local,39.2,570000,30,0,0
KZ2026001399,2019-03-26,Zhambyl,KZT,Credit card,Auto loan,Female,Local,12.6,3646000,20,0,0
KZ2026001400,2019-10-19,Almaty Region,KZT,Personal loan,Consumer credit,Male,Local,20.0,3190000,46,0,0
KZ2026001401,2019-05-25,Atyrau,KZT,Personal loan,Auto loan,Male,Local,17.4,2719000,41,0,0
KZ2026001402,2020-09-22,Nur-Sultan,KZT,Personal loan,Consumer credit,Male,Local,35.2,1773000,42,0,0
KZ2026001403,2021-01-15,Shymkent,KZT,Personal loan,Consumer credit,Male,Local,19.6,480000,53,0,0
KZ2026001404,2019-08-22,Akmola,KZT,Personal loan,Consumer credit,Female,Local,46.7,1047000,34,0,0
KZ2026001405,2020-08-30,Almaty,KZT,Personal loan,Consumer credit,Male,Local,29.3,1754000,44,0,0
KZ2026001406,2020-11-02,Akmola,KZT,Personal loan,Consumer credit,Male,Local,2.5,155000,38,0,0
KZ2026001407,2021-03-10,Shymkent,KZT,Credit card,Consumer credit,Male,Local,19.9,234000,36,0,0
KZ2026001408,2021-03-29,Nur-Sultan,KZT,Personal loan,Consumer credit,Female,Local,24.6,1728000,51,0,0
KZ2026001409,2020-02-07,North Kazakhstan,KZT,Personal loan,Consumer credit,Male,Local,12.3,1454000,60,0,0
KZ2026001410,2019-03-12,Kostanay,KZT,Personal loan,Consumer credit,Male,Local,27.9,770000,32,0,0
KZ2026001411,2020-10-19,Pavlodar,KZT,Personal loan,Consumer credit,Female,Local,19.1,469000,46,0,0
KZ2026001412,2020-04-25,Shymkent,KZT,Personal loan,Consumer credit,Male,Local,11.7,2047000,41,0,0
KZ2026001413,2020-02-10,Pavlodar,KZT,Personal loan,Consumer credit,Female,Local,14.2,912000,41,0,0
KZ2026001414,2020-04-22,Shymkent,KZT,Personal loan,Consumer credit,Male,Local,30.1,1908000,40,0,0
KZ2026001415,2020-07-22,Almaty,KZT,Personal loan,Consumer credit,Male,Local,4.3,1658000,33,0,0
KZ2026001416,2019-09-10,Mangystau,KZT,Credit card,Auto loan,Male,Local,38.5,3271000,18,0,0
KZ2026001417,2019-10-17,Zhambyl,KZT,Personal loan,Consumer credit,Female,Local,31.9,2986000,54,0,0
KZ2026001418,2019-10-29,Zhambyl,KZT,Credit card,Consumer credit,Male,Local,28.9,224000,29,225,1
KZ2026001419,2020-03-11,Turkistan,KZT,Personal loan,Consumer credit,Male,Local,9.5,3301000,34,0,0
KZ2026001420,2020-08-20,Shymkent,KZT,Personal loan,Consumer credit,Female,Local,27.1,3689000,35,0,0
KZ2026001421,2019-02-07,Kostanay,KZT,Personal loan,Consumer credit,Male,Foreigner,19.2,2930000,28,0,0
KZ2026001422,2019-09-16,East Kazakhstan,KZT,Personal loan,Consumer credit,Female,Local,40.0,1029000,40,0,0
KZ2026001423,2020-10-04,Atyrau,KZT,Personal loan,Consumer credit,Female,Local,13.6,10458000,37,305,1
KZ2026001424,2019-01-28,Almaty Region,KZT,Personal loan,Consumer credit,Female,Local,9.4,1365000,29,0,0
KZ2026001425,2020-12-03,Aktobe,KZT,Personal loan,Consumer credit,Male,Local,25.2,1473000,39,346,1
KZ2026001426,2020-11-10,Almaty Region,KZT,Personal loan,Consumer credit,Male,Local,22.1,1178000,37,0,0
KZ2026001427,2019-10-09,Nur-Sultan,KZT,Credit card,Consumer credit,Female,Local,43.7,150000,47,0,0
KZ2026001428,2020-07-06,Nur-Sultan,KZT,Personal loan,Consumer credit,Male,Local,18.7,3608000,22,0,0
KZ2026001429,2020-03-08,Mangystau,KZT,Personal loan,Consumer credit,Male,Local,19.6,738000,28,0,0
KZ2026001430,2019-08-10,Atyrau,KZT,Credit card,Consumer credit,Female,Local,33.7,698000,45,322,1
KZ2026001431,2019-05-12,Turkistan,KZT,Credit card,Consumer credit,Female,Local,32.5,835000,30,0,0
KZ2026001432,2021-04-29,Karaganda,KZT,Personal loan,Consumer credit,Male,Local,24.5,2004000,27,0,0
KZ2026001433,2021-01-28,Nur-Sultan,KZT,Personal loan,Consumer credit,Male,Local,25.5,666000,31,0,0
KZ2026001434,2021-03-04,Almaty,KZT,Personal loan,Consumer credit,Female,Local,24.3,898000,36,0,0
KZ2026001435,2019-05-05,Almaty,KZT,Personal loan,Consumer credit,Female,Local,20.1,123000,36,0,0
KZ2026001436,2021-05-01,Shymkent,KZT,Personal loan,Auto loan,Male,Local,21.1,3796000,35,0,0
KZ2026001437,2020-07-06,Almaty,KZT,Personal loan,Consumer credit,Male,Local,19.1,2374000,26,0,0
KZ2026001438,2020-03-28,East Kazakhstan,KZT,Personal loan,Auto loan,Male,Local,21.0,3595000,46,0,0
KZ2026001439,2019-10-29,Shymkent,KZT,Personal loan,Auto loan,Male,Local,24.5,3067000,52,0,0
KZ2026001440,2019-07-27,Shymkent,KZT,Credit card,Consumer credit,Male,Local,26.0,280000,18,0,0
KZ2026001441,2019-10-15,Almaty,KZT,Credit card,Consumer credit,Female,Local,50.1,871000,20,0,0
KZ2026001442,2019-06-03,Nur-Sultan,KZT,Personal loan,Consumer credit,Male,Local,16.3,1146000,48,0,0
KZ2026001443,2020-11-28,Almaty,KZT,Personal loan,Auto loan,Male,Local,11.4,9229000,54,0,0
KZ2026001444,2021-04-17,Nur-Sultan,KZT,Personal loan,Consumer credit,Female,Local,27.8,739000,18,0,0
KZ2026001445,2021-05-03,Almaty,KZT,Personal loan,Consumer credit,Male,Local,26.6,1443000,46,0,0
KZ2026001446,2021-02-25,Zhambyl,KZT,Personal loan,Consumer credit,Male,Local,23.5,830000,55,0,0
KZ2026001447,2019-04-27,Turkistan,KZT,Personal loan,Consumer credit,Female,Local,29.2,6998000,28,0,0
KZ2026001448,2020-10-16,Zhambyl,KZT,Personal loan,Consumer credit,Male,Local,24.9,1398000,54,0,0
KZ2026001449,2021-01-27,Karaganda,KZT,Personal loan,Consumer credit,Female,Local,40.4,7324000,35,0,0
KZ2026001450,2020-03-26,Almaty,KZT,Personal loan,Consumer credit,Male,Local,22.4,840000,96,0,0
KZ2026001451,2020-05-07,Pavlodar,KZT,Personal loan,Consumer credit,Male,Local,14.3,4396000,29,0,0
KZ2026001452,2019-12-06,Karaganda,USD,Personal loan,Consumer credit,Female,Local,9.9,2101000,48,0,0
KZ2026001453,2020-12-27,North Kazakhstan,KZT,Personal loan,Consumer credit,Male,Local,27.6,426000,46,0,0
KZ2026001454,2020-09-13,Shymkent,KZT,Personal loan,Consumer credit,Female,Local,24.4,1614000,56,0,0
KZ2026001455,2020-07-09,Aktobe,KZT,Credit card,Consumer credit,Male,Local,25.0,157000,53,0,0
KZ2026001456,2019-01-09,Nur-Sultan,KZT,Personal loan,Consumer credit,Female,Local,32.6,1493000,37,0,0
KZ2026001457,2021-04-28,Almaty,KZT,Personal loan,Consumer credit,Male,Local,40.8,330000,71,0,0
KZ2026001458,2020-04-07,Almaty Region,KZT,Personal loan,Consumer credit,Female,Local,23.0,1108000,52,0,0
KZ2026001459,2021-04-24,Shymkent,KZT,Personal loan,Consumer credit,Female,Local,38.5,3045000,43,0,0
KZ2026001460,2020-08-22,Almaty Region,KZT,Personal loan,Consumer credit,Male,Local,30.3,1911000,26,0,0
KZ2026001461,2020-04-04,Kyzylorda,KZT,Personal loan,Auto loan,Male,Local,29.7,2296000,20,0,0
KZ2026001462,2020-10-27,Zhambyl,KZT,Personal loan,Consumer credit,Male,Local,27.8,239000,21,0,0
KZ2026001463,2019-08-06,Almaty,KZT,Personal loan,Consumer credit,Female,Local,23.7,1831000,27,0,0
KZ2026001464,2020-02-03,Aktobe,USD,Credit card,Consumer credit,Male,Local,31.3,2015000,52,0,0
KZ2026001465,2019-01-23,Karaganda,KZT,Credit card,Consumer credit,Female,Local,33.8,1687000,42,0,0
KZ2026001466,2020-10-19,Karaganda,KZT,Personal loan,Consumer credit,Male,Local,34.7,1193000,30,0,0
KZ2026001467,2019-10-14,Almaty Region,KZT,Personal loan,Consumer credit,Male,Local,30.9,227000,36,0,0
KZ2026001468,2019-03-26,Almaty,KZT,Personal loan,Consumer credit,Female,Foreigner,26.4,318000,34,301,1
KZ2026001469,2020-12-04,Kostanay,EUR,Personal loan,Consumer credit,Male,Local,24.5,3247000,46,0,0
KZ2026001470,2019-07-25,Almaty,KZT,Personal loan,Consumer credit,Male,Local,28.8,4230000,27,0,0
KZ2026001471,2019-07-17,Shymkent,KZT,Personal loan,Consumer credit,Female,Local,26.3,433000,41,0,0
KZ2026001472,2019-05-08,Almaty,KZT,Personal loan,Consumer credit,Female,Local,15.2,1327000,40,0,0
KZ2026001473,2020-06-16,Nur-Sultan,KZT,Personal loan,Consumer credit,Male,Local,16.7,1207000,28,0,0
KZ2026001474,2019-10-28,East Kazakhstan,KZT,Personal loan,Consumer credit,Male,Local,26.9,1063000,54,0,0
KZ2026001475,2020-05-18,East Kazakhstan,KZT,Personal loan,Consumer credit,Male,Local,30.4,867000,34,0,0
KZ2026001476,2019-10-31,East Kazakhstan,KZT,Personal loan,Consumer credit,Female,Local,29.2,882000,26,0,0
KZ2026001477,2020-10-27,Almaty Region,KZT,Personal loan,Consumer credit,Male,Local,16.6,1392000,46,0,0
KZ2026001478,2019-11-27,Shymkent,KZT,Personal loan,Consumer credit,Female,Local,21.2,1552000,38,0,0
KZ2026001479,2020-12-01,East Kazakhstan,KZT,Personal loan,Consumer credit,Female,Local,12.0,1487000,41,0,0
KZ2026001480,2020-02-16,East Kazakhstan,USD,Credit card,Consumer credit,Female,Local,12.1,1313000,24,0,0
KZ2026001481,2019-01-14,Almaty Region,KZT,Personal loan,Auto loan,Male,Local,24.7,1770000,46,0,0
KZ2026001482,2020-01-21,Nur-Sultan,KZT,Credit card,Consumer credit,Male,Local,31.7,750000,61,0,0
KZ2026001483,2019-08-05,West Kazakhstan,KZT,Personal loan,Consumer credit,Male,Local,40.3,538000,23,0,0
KZ2026001484,2020-03-09,Almaty,KZT,Personal loan,Consumer credit,Male,Local,21.4,869000,41,0,0
KZ2026001485,2019-04-21,Karaganda,KZT,Personal loan,Consumer credit,Male,Foreigner,24.9,713000,28,0,0
KZ2026001486,2020-10-26,Nur-Sultan,KZT,Personal loan,Consumer credit,Female,Local,19.9,700000,67,0,0
KZ2026001487,2020-07-05,Shymkent,KZT,Personal loan,Consumer credit,Male,Local,12.6,347000,51,0,0
KZ2026001488,2019-05-06,Atyrau,KZT,Personal loan,Consumer credit,Male,Foreigner,12.9,740000,40,0,0
KZ2026001489,2021-05-13,Turkistan,KZT,Personal loan,Auto loan,Female,Local,16.4,5357000,62,0,0
KZ2026001490,2019-11-06,Atyrau,KZT,Personal loan,Consumer credit,Female,Local,16.1,1196000,26,0,0
KZ2026001491,2019-07-05,Nur-Sultan,KZT,Credit card,Consumer credit,Male,Local,27.2,511000,45,0,0
KZ2026001492,2019-01-01,Pavlodar,KZT,Credit card,Consumer credit,Female,Local,34.8,241000,22,0,0
KZ2026001493,2019-08-06,Karaganda,EUR,Personal loan,Auto loan,Female,Local,0.0,8837000,22,0,0
KZ2026001494,2019-01-25,Mangystau,KZT,Personal loan,Consumer credit,Male,Local,31.3,200000,37,0,0
KZ2026001495,2020-03-02,Almaty Region,KZT,Credit card,Auto loan,Female,Local,37.5,4613000,38,180,1
KZ2026001496,2020-06-19,Karaganda,KZT,Personal loan,Consumer credit,Male,Local,27.0,2304000,41,0,0
KZ2026001497,2019-11-23,North Kazakhstan,KZT,Personal loan,Consumer credit,Male,Local,22.5,746000,32,0,0
KZ2026001498,2021-02-12,Karaganda,KZT,Personal loan,Consumer credit,Male,Local,16.6,3326000,47,0,0
KZ2026001499,2021-05-03,Aktobe,KZT,Personal loan,Consumer credit,Male,Foreigner,24.3,582000,28,0,0
KZ2026001500,2019-09-28,Karaganda,KZT,Personal loan,Consumer credit,Female,Local,24.9,2122000,44,0,0
KZ2026001501,2020-07-17,Karaganda,KZT,Personal loan,Consumer credit,Female,Local,21.0,5288000,39,0,0
KZ2026001502,2019-12-21,Shymkent,KZT,Personal loan,Consumer credit,Male,Local,27.8,1238000,44,0,0
KZ2026001503,2019-08-30,Almaty Region,KZT,Personal loan,Consumer credit,Female,Local,23.3,990000,50,0,0
KZ2026001504,2019-07-05,Almaty Region,KZT,Personal loan,Consumer credit,Male,Local,24.8,1097000,96,0,0
KZ2026001505,2020-04-05,Pavlodar,KZT,Personal loan,Consumer credit,Male,Local,19.8,4789000,30,0,0
KZ2026001506,2019-05-07,East Kazakhstan,KZT,Personal loan,Consumer credit,Female,Local,18.8,1690000,18,0,0
KZ2026001507,2020-08-16,Kyzylorda,KZT,Credit card,Consumer credit,Male,Local,38.5,1748000,18,0,0
KZ2026001508,2021-02-19,Atyrau,KZT,Credit card,Consumer credit,Female,Local,15.6,432000,35,0,0
KZ2026001509,2019-11-22,Almaty,KZT,Personal loan,Consumer credit,Male,Local,27.3,688000,36,0,0
KZ2026001510,2020-05-20,Kyzylorda,KZT,Personal loan,Consumer credit,Female,Local,18.7,731000,25,0,0
KZ2026001511,2021-05-11,Almaty,KZT,Personal loan,Consumer credit,Male,Local,5.5,1265000,27,0,0
KZ2026001512,2020-09-14,Almaty,KZT,Personal loan,Consumer credit,Male,Local,14.8,212000,54,0,0
KZ2026001513,2019-12-23,Karaganda,KZT,Personal loan,Consumer credit,Female,Local,22.6,801000,47,0,0
KZ2026001514,2021-02-17,Kyzylorda,KZT,Personal loan,Consumer credit,Female,Local,23.8,817000,23,0,0
KZ2026001515,2019-02-07,Turkistan,KZT,Personal loan,Auto loan,Male,Local,20.5,4456000,32,0,0
KZ2026001516,2020-06-03,Akmola,KZT,Personal loan,Consumer credit,Female,Local,29.1,6252000,41,0,0
KZ2026001517,2019-08-11,Nur-Sultan,KZT,Credit card,Consumer credit,Male,Local,19.0,365000,30,0,0
KZ2026001518,2019-06-09,Shymkent,KZT,Personal loan,Consumer credit,Male,Local,27.0,234000,28,327,1
KZ2026001519,2020-04-01,Almaty,KZT,Personal loan,Consumer credit,Male,Local,29.7,552000,33,0,0
KZ2026001520,2020-09-21,Almaty,KZT,Personal loan,Auto loan,Female,Local,17.3,4501000,49,0,0
KZ2026001521,2020-10-13,Akmola,KZT,Personal loan,Auto loan,Female,Local,19.1,4171000,50,0,0
KZ2026001522,2020-10-22,Zhambyl,KZT,Personal loan,Consumer credit,Female,Local,4.6,4774000,29,0,0
KZ2026001523,2019-09-12,Turkistan,KZT,Personal loan,Consumer credit,Female,Local,13.4,2714000,42,0,0
KZ2026001524,2020-01-01,Kyzylorda,KZT,Personal loan,Consumer credit,Male,Local,34.6,2646000,37,0,0
KZ2026001525,2019-04-10,Kostanay,KZT,Personal loan,Consumer credit,Male,Local,20.3,998000,26,0,0
KZ2026001526,2020-06-28,Almaty,KZT,Personal loan,Consumer credit,Male,Local,42.2,3054000,34,0,0
KZ2026001527,2020-12-10,Aktobe,KZT,Personal loan,Auto loan,Female,Local,8.6,2673000,23,0,0
KZ2026001528,2020-03-03,East Kazakhstan,KZT,Personal loan,Consumer credit,Male,Local,36.3,2733000,50,0,0
KZ2026001529,2019-10-04,Almaty,KZT,Personal loan,Consumer credit,Female,Local,17.3,944000,54,0,0
KZ2026001530,2019-10-22,Akmola,KZT,Personal loan,Consumer credit,Female,Local,31.1,350000,32,0,0
KZ2026001531,2020-07-28,Akmola,KZT,Personal loan,Consumer credit,Female,Local,19.8,1987000,30,0,0
KZ2026001532,2020-08-16,Almaty,KZT,Personal loan,Consumer credit,Male,Local,23.1,3936000,49,0,0
KZ2026001533,2020-02-25,Zhambyl,KZT,Personal loan,Consumer credit,Male,Local,28.2,849000,50,0,0
KZ2026001534,2019-08-07,Kostanay,KZT,Personal loan,Consumer credit,Female,Local,16.5,4530000,25,0,0
KZ2026001535,2019-12-29,Nur-Sultan,KZT,Personal loan,Consumer credit,Female,Local,30.6,294000,35,0,0
KZ2026001536,2019-10-17,East Kazakhstan,KZT,Credit card,Consumer credit,Male,Local,29.7,143000,36,0,0
KZ2026001537,2019-03-28,Mangystau,KZT,Personal loan,Consumer credit,Female,Local,24.4,1059000,29,0,0
KZ2026001538,2019-12-25,Kyzylorda,KZT,Credit card,Consumer credit,Female,Local,10.3,265000,41,0,0
KZ2026001539,2021-01-19,Pavlodar,KZT,Personal loan,Consumer credit,Male,Local,20.0,681000,29,0,0
KZ2026001540,2020-06-26,Atyrau,KZT,Personal loan,Auto loan,Female,Local,23.6,4248000,31,0,0
KZ2026001541,2019-04-28,Pavlodar,KZT,Credit card,Auto loan,Male,Foreigner,38.9,3153000,36,0,0
KZ2026001542,2021-01-22,Almaty,KZT,Personal loan,Consumer credit,Female,Local,23.3,884000,21,0,0
KZ2026001543,2019-07-08,Aktobe,USD,Personal loan,Consumer credit,Male,Local,34.3,2659000,18,0,0
KZ2026001544,2020-06-26,Almaty,KZT,Credit card,Consumer credit,Male,Local,26.1,323000,47,0,0
KZ2026001545,2020-05-16,Atyrau,KZT,Personal loan,Consumer credit,Male,Local,30.7,693000,29,0,0
KZ2026001546,2020-10-03,Almaty Region,KZT,Personal loan,Consumer credit,Female,Local,31.5,431000,60,0,0
KZ2026001547,2020-11-07,Almaty,USD,Personal loan,Consumer credit,Female,Local,24.0,3376000,59,0,0
KZ2026001548,2019-09-16,Kyzylorda,KZT,Personal loan,Consumer credit,Male,Local,24.8,2966000,31,0,0
KZ2026001549,2020-11-17,Akmola,KZT,Personal loan,Consumer credit,Male,Local,35.1,1591000,63,0,0
KZ2026001550,2020-06-02,Akmola,KZT,Personal loan,Consumer credit,Male,Local,27.3,696000,47,0,0
KZ2026001551,2019-11-05,Almaty,KZT,Credit card,Auto loan,Male,Local,18.3,3515000,30,0,0
KZ2026001552,2019-04-02,Atyrau,KZT,Personal loan,Consumer credit,Female,Local,16.6,2947000,18,0,0
KZ2026001553,2020-05-16,Akmola,KZT,Personal loan,Auto loan,Male,Local,12.6,1433000,45,0,0
KZ2026001554,2020-02-14,Almaty Region,KZT,Personal loan,Consumer credit,Female,Local,16.1,881000,37,0,0
KZ2026001555,2020-02-20,Almaty,KZT,Personal loan,Consumer credit,Female,Local,3.4,2240000,42,0,0
KZ2026001556,2020-09-01,Kyzylorda,KZT,Credit card,Auto loan,Male,Local,45.5,2397000,34,0,0
KZ2026001557,2020-09-17,Turkistan,KZT,Personal loan,Consumer credit,Female,Local,14.6,1720000,24,0,0
KZ2026001558,2019-06-08,East Kazakhstan,KZT,Personal loan,Consumer credit,Female,Local,15.3,1653000,32,0,0
KZ2026001559,2019-09-19,Karaganda,KZT,Credit card,Consumer credit,Female,Local,16.4,118000,45,0,0
KZ2026001560,2021-03-07,North Kazakhstan,KZT,Credit card,Consumer credit,Female,Local,38.2,374000,33,281,1
KZ2026001561,2020-06-08,Shymkent,EUR,Credit card,Consumer credit,Male,Local,27.5,294000,33,0,0
KZ2026001562,2020-01-04,Karaganda,KZT,Personal loan,Consumer credit,Male,Local,19.7,2120000,20,0,0
KZ2026001563,2021-05-08,Turkistan,KZT,Personal loan,Consumer credit,Female,Local,27.8,1684000,38,165,1
KZ2026001564,2020-08-15,Turkistan,KZT,Personal loan,Consumer credit,Male,Local,18.4,1276000,25,0,0
KZ2026001565,2021-01-20,Mangystau,KZT,Personal loan,Consumer credit,Female,Foreigner,7.0,1534000,47,0,0
KZ2026001566,2020-02-19,Atyrau,KZT,Credit card,Consumer credit,Female,Local,21.1,145000,29,266,1
KZ2026001567,2019-05-25,Nur-Sultan,KZT,Personal loan,Consumer credit,Male,Local,25.2,1169000,34,0,0
KZ2026001568,2020-10-08,Nur-Sultan,KZT,Personal loan,Consumer credit,Male,Local,31.4,610000,61,0,0
KZ2026001569,2020-12-21,East Kazakhstan,KZT,Credit card,Consumer credit,Male,Local,42.7,759000,34,0,0
KZ2026001570,2020-05-30,East Kazakhstan,KZT,Credit card,Auto loan,Female,Local,16.8,5440000,32,190,1
KZ2026001571,2020-01-18,Almaty Region,KZT,Personal loan,Consumer credit,Male,Local,28.0,2140000,43,0,0
KZ2026001572,2019-04-19,Zhambyl,KZT,Credit card,Consumer credit,Male,Local,25.8,1265000,18,0,0
KZ2026001573,2019-08-05,Zhambyl,KZT,Personal loan,Consumer credit,Female,Local,49.2,907000,51,0,0
KZ2026001574,2021-03-27,Pavlodar,KZT,Personal loan,Consumer credit,Female,Local,35.4,753000,48,0,0
KZ2026001575,2019-05-29,Nur-Sultan,KZT,Personal loan,Consumer credit,Female,Local,38.2,888000,43,0,0
KZ2026001576,2020-08-05,Almaty,KZT,Credit card,Consumer credit,Female,Local,38.4,105000,18,322,1
KZ2026001577,2020-08-08,Mangystau,KZT,Credit card,Consumer credit,Male,Local,35.0,112000,34,0,0
KZ2026001578,2020-02-21,North Kazakhstan,KZT,Personal loan,Consumer credit,Female,Local,18.8,2035000,23,0,0
KZ2026001579,2021-05-30,Shymkent,KZT,Personal loan,Consumer credit,Female,Local,17.9,367000,49,0,0
KZ2026001580,2020-08-20,North Kazakhstan,KZT,Personal loan,Consumer credit,Male,Local,16.0,481000,49,0,0
KZ2026001581,2021-05-03,Turkistan,KZT,Personal loan,Consumer credit,Male,Local,28.3,1101000,41,0,0
KZ2026001582,2019-08-19,Aktobe,KZT,Credit card,Consumer credit,Male,Local,44.0,257000,24,0,0
KZ2026001583,2020-10-16,Almaty Region,KZT,Personal loan,Consumer credit,Female,Local,19.1,2548000,53,0,0
KZ2026001584,2020-11-09,Akmola,USD,Personal loan,Consumer credit,Female,Local,11.8,1730000,34,0,0
KZ2026001585,2021-03-22,West Kazakhstan,KZT,Personal loan,Consumer credit,Female,Foreigner,26.9,2741000,57,0,0
KZ2026001586,2019-12-30,Shymkent,KZT,Personal loan,Consumer credit,Female,Local,33.9,2230000,40,0,0
KZ2026001587,2019-10-21,Aktobe,KZT,Personal loan,Consumer credit,Male,Local,35.7,362000,43,0,0
KZ2026001588,2020-12-11,Zhambyl,KZT,Credit card,Auto loan,Female,Foreigner,34.7,4481000,32,151,1
KZ2026001589,2020-09-26,Akmola,KZT,Personal loan,Consumer credit,Female,Local,34.6,653000,52,350,1
KZ2026001590,2019-08-30,Almaty,KZT,Personal loan,Consumer credit,Female,Local,13.0,639000,61,0,0
KZ2026001591,2019-09-26,Almaty,KZT,Personal loan,Consumer credit,Male,Local,17.9,5879000,53,0,0
KZ2026001592,2020-11-28,Nur-Sultan,KZT,Credit card,Consumer credit,Female,Local,45.0,384000,39,0,0
KZ2026001593,2020-05-17,Shymkent,KZT,Credit card,Consumer credit,Female,Local,22.8,297000,36,0,0
KZ2026001594,2021-03-11,Almaty Region,KZT,Personal loan,Consumer credit,Male,Local,22.4,1290000,44,0,0
KZ2026001595,2020-07-10,Pavlodar,KZT,Personal loan,Consumer credit,Female,Local,28.0,2523000,53,0,0
KZ2026001596,2021-05-16,Karaganda,USD,Credit card,Consumer credit,Male,Local,26.0,359000,48,0,0
KZ2026001597,2019-10-17,Almaty,KZT,Personal loan,Consumer credit,Male,Local,36.1,2097000,60,0,0
KZ2026001598,2020-11-16,Almaty,KZT,Personal loan,Consumer credit,Female,Local,27.7,331000,18,0,0
KZ2026001599,2019-06-17,Pavlodar,KZT,Personal loan,Consumer credit,Male,Local,34.8,2786000,46,0,0
KZ2026001600,2020-09-13,Almaty,KZT,Personal loan,Consumer credit,Female,Local,15.1,307000,21,0,0
KZ2026001601,2020-01-04,Turkistan,KZT,Credit card,Consumer credit,Female,Local,30.2,291000,37,0,0
KZ2026001602,2020-04-04,Almaty,KZT,Credit card,Consumer credit,Male,Local,51.2,106000,36,0,0
KZ2026001603,2020-12-14,Karaganda,USD,Personal loan,Consumer credit,Male,Local,36.3,709000,21,0,0
KZ2026001604,2019-04-04,Pavlodar,KZT,Personal loan,Consumer credit,Male,Local,22.1,2916000,41,0,0
KZ2026001605,2019-07-17,Almaty,KZT,Credit card,Consumer credit,Male,Local,32.0,830000,61,0,0
KZ2026001606,2020-05-09,Akmola,KZT,Credit card,Consumer credit,Female,Local,35.2,118000,34,0,0
KZ2026001607,2020-01-01,Shymkent,KZT,Personal loan,Consumer credit,Male,Local,34.6,491000,45,0,0
KZ2026001608,2020-05-12,Almaty,KZT,Personal loan,Auto loan,Female,Local,27.0,4661000,63,0,0
KZ2026001609,2020-01-16,Almaty Region,KZT,Personal loan,Auto loan,Male,Local,16.1,5519000,46,146,1
KZ2026001610,2019-02-27,Almaty Region,USD,Credit card,Consumer credit,Male,Local,32.6,323000,30,0,0
KZ2026001611,2021-04-06,Almaty,KZT,Personal loan,Consumer credit,Female,Local,23.0,459000,40,0,0
KZ2026001612,2020-09-01,Mangystau,KZT,Personal loan,Consumer credit,Male,Local,6.7,4913000,42,0,0
KZ2026001613,2020-06-22,Mangystau,KZT,Personal loan,Consumer credit,Female,Local,32.1,801000,53,0,0
KZ2026001614,2019-05-12,Almaty Region,KZT,Personal loan,Consumer credit,Female,Local,28.1,1232000,50,99,1
KZ2026001615,2019-06-24,Pavlodar,KZT,Personal loan,Consumer credit,Female,Local,26.2,1288000,18,0,0
KZ2026001616,2020-06-10,Almaty,KZT,Personal loan,Consumer credit,Male,Local,13.4,3071000,28,0,0
KZ2026001617,2019-02-16,Nur-Sultan,KZT,Personal loan,Consumer credit,Male,Local,40.8,534000,36,0,0
KZ2026001618,2020-02-22,Zhambyl,KZT,Personal loan,Consumer credit,Female,Local,23.6,3239000,95,0,0
KZ2026001619,2021-02-24,Shymkent,KZT,Personal loan,Auto loan,Male,Local,9.5,2250000,18,0,0
KZ2026001620,2021-02-11,Nur-Sultan,KZT,Credit card,Consumer credit,Female,Local,20.5,839000,29,0,0
KZ2026001621,2020-03-30,Almaty,KZT,Personal loan,Consumer credit,Female,Local,29.6,279000,37,0,0
KZ2026001622,2019-07-25,East Kazakhstan,RUB,Personal loan,Consumer credit,Female,Local,29.0,1422000,31,0,0
KZ2026001623,2019-03-07,Pavlodar,KZT,Personal loan,Auto loan,Female,Local,13.1,5474000,26,0,0
KZ2026001624,2019-06-01,Nur-Sultan,KZT,Personal loan,Consumer credit,Female,Local,26.7,1717000,37,0,0
KZ2026001625,2019-09-05,Almaty Region,KZT,Personal loan,Consumer credit,Male,Local,29.2,492000,41,0,0
KZ2026001626,2020-05-01,Kyzylorda,KZT,Personal loan,Consumer credit,Female,Local,24.3,643000,32,0,0
KZ2026001627,2020-10-02,Almaty Region,KZT,Credit card,Consumer credit,Female,Local,25.2,959000,52,0,0
KZ2026001628,2020-02-11,Almaty,KZT,Credit card,Consumer credit,Male,Local,38.9,499000,38,0,0
KZ2026001629,2020-12-30,Almaty,KZT,Personal loan,Consumer credit,Female,Local,29.8,2558000,27,288,1
KZ2026001630,2019-05-23,Almaty Region,KZT,Credit card,Consumer credit,Male,Local,35.9,370000,25,0,0
KZ2026001631,2020-01-09,East Kazakhstan,KZT,Personal loan,Consumer credit,Male,Local,15.3,944000,35,132,1
KZ2026001632,2020-06-25,North Kazakhstan,KZT,Personal loan,Consumer credit,Female,Local,10.4,2302000,49,0,0
KZ2026001633,2019-02-17,Karaganda,KZT,Credit card,Auto loan,Female,Local,30.6,4495000,28,339,1
KZ2026001634,2021-03-10,Kostanay,KZT,Personal loan,Consumer credit,Male,Local,31.1,1039000,44,0,0
KZ2026001635,2021-05-28,Shymkent,KZT,Personal loan,Consumer credit,Female,Local,32.7,361000,38,0,0
KZ2026001636,2020-10-15,Almaty Region,KZT,Personal loan,Consumer credit,Male,Local,27.5,2700000,59,0,0
KZ2026001637,2020-09-12,Almaty Region,KZT,Personal loan,Auto loan,Male,Foreigner,14.8,4876000,41,0,0
KZ2026001638,2019-07-05,Turkistan,KZT,Credit card,Consumer credit,Male,Local,31.4,222000,29,215,1
KZ2026001639,2019-06-11,Almaty,KZT,Personal loan,Consumer credit,Female,Local,22.1,3270000,45,0,0
KZ2026001640,2019-07-30,Kostanay,KZT,Personal loan,Consumer credit,Male,Local,32.6,1476000,45,0,0
KZ2026001641,2019-04-30,Kyzylorda,KZT,Personal loan,Consumer credit,Male,Local,18.3,1501000,33,0,0
KZ2026001642,2020-05-07,Nur-Sultan,KZT,Credit card,Consumer credit,Female,Local,27.8,679000,24,0,0
KZ2026001643,2021-04-25,Atyrau,KZT,Personal loan,Consumer credit,Male,Local,40.9,2119000,43,0,0
KZ2026001644,2020-08-21,Almaty,KZT,Personal loan,Auto loan,Male,Local,25.3,4565000,38,0,0
KZ2026001645,2021-02-17,Almaty,KZT,Personal loan,Consumer credit,Male,Local,14.8,1022000,20,0,0
KZ2026001646,2021-05-14,Atyrau,EUR,Personal loan,Consumer credit,Female,Local,30.8,7841000,40,0,0
KZ2026001647,2020-08-07,Akmola,KZT,Personal loan,Consumer credit,Female,Local,18.5,2262000,30,94,1
KZ2026001648,2019-04-03,Mangystau,KZT,Personal loan,Consumer credit,Female,Local,19.9,1117000,20,0,0
KZ2026001649,2021-04-01,Turkistan,KZT,Personal loan,Consumer credit,Male,Local,21.8,1766000,33,0,0
KZ2026001650,2020-04-27,Pavlodar,KZT,Personal loan,Consumer credit,Male,Local,27.7,3424000,51,0,0
KZ2026001651,2020-04-28,Almaty,KZT,Personal loan,Consumer credit,Female,Local,23.8,921000,50,0,0
KZ2026001652,2021-05-21,Akmola,KZT,Personal loan,Consumer credit,Male,Local,28.0,2001000,47,0,0
KZ2026001653,2020-08-26,Almaty,KZT,Personal loan,Consumer credit,Male,Local,19.0,1504000,40,0,0
KZ2026001654,2019-04-08,Almaty,KZT,Personal loan,Consumer credit,Male,Local,26.4,696000,44,0,0
KZ2026001655,2020-11-06,Shymkent,KZT,Personal loan,Consumer credit,Male,Local,22.9,3496000,38,0,0
KZ2026001656,2021-05-08,Almaty Region,KZT,Personal loan,Consumer credit,Male,Local,9.9,2196000,25,0,0
KZ2026001657,2019-07-29,Almaty,KZT,Personal loan,Consumer credit,Female,Local,27.2,829000,27,192,1
KZ2026001658,2020-02-13,Pavlodar,KZT,Personal loan,Consumer credit,Male,Local,23.1,3066000,30,0,0
KZ2026001659,2019-04-02,Almaty Region,KZT,Personal loan,Consumer credit,Female,Local,16.6,592000,52,0,0
KZ2026001660,2020-09-25,Nur-Sultan,KZT,Personal loan,Consumer credit,Male,Local,18.9,1171000,49,0,0
KZ2026001661,2019-05-07,Almaty,KZT,Personal loan,Consumer credit,Female,Local,19.3,833000,25,0,0
KZ2026001662,2020-01-11,Karaganda,KZT,Credit card,Consumer credit,Female,Foreigner,32.7,615000,38,0,0
KZ2026001663,2020-07-28,Mangystau,KZT,Personal loan,Auto loan,Female,Local,28.7,3223000,33,0,0
KZ2026001664,2021-01-12,Almaty,KZT,Credit card,Consumer credit,Male,Local,9.2,618000,35,0,0
KZ2026001665,2019-10-10,Turkistan,KZT,Personal loan,Consumer credit,Female,Local,26.8,1989000,31,0,0
KZ2026001666,2021-03-13,North Kazakhstan,KZT,Personal loan,Consumer credit,Male,Local,31.5,872000,52,0,0
KZ2026001667,2019-01-22,North Kazakhstan,KZT,Personal loan,Consumer credit,Female,Local,19.9,5684000,37,147,1
KZ2026001668,2019-05-28,Almaty,KZT,Personal loan,Consumer credit,Female,Local,31.4,637000,39,0,0
KZ2026001669,2019-04-15,Nur-Sultan,KZT,Personal loan,Consumer credit,Female,Local,38.2,362000,39,0,0
KZ2026001670,2020-10-21,North Kazakhstan,KZT,Personal loan,Consumer credit,Female,Local,10.0,2484000,26,0,0
KZ2026001671,2019-11-16,Akmola,KZT,Credit card,Consumer credit,Female,Local,33.1,70000,38,0,0
KZ2026001672,2019-01-19,Karaganda,KZT,Personal loan,Consumer credit,Female,Local,39.7,4265000,49,0,0
KZ2026001673,2020-11-26,Kyzylorda,KZT,Credit card,Consumer credit,Male,Local,21.4,378000,53,0,0
KZ2026001674,2019-09-02,Almaty,KZT,Personal loan,Consumer credit,Male,Local,22.3,357000,24,0,0
KZ2026001675,2020-08-25,Mangystau,KZT,Personal loan,Auto loan,Female,Local,13.6,2610000,20,0,0
KZ2026001676,2020-05-02,Shymkent,KZT,Personal loan,Consumer credit,Female,Local,32.9,299000,38,0,0
KZ2026001677,2019-04-09,Kostanay,KZT,Personal loan,Consumer credit,Male,Local,33.3,1662000,49,0,0
KZ2026001678,2020-06-16,Atyrau,KZT,Credit card,Consumer credit,Male,Local,33.2,129000,41,0,0
KZ2026001679,2021-01-30,Turkistan,KZT,Credit card,Consumer credit,Female,Local,31.4,510000,44,0,0
KZ2026001680,2019-11-19,Zhambyl,KZT,Credit card,Consumer credit,Male,Local,17.7,278000,22,118,1
KZ2026001681,2021-01-05,Kyzylorda,RUB,Credit card,Consumer credit,Male,Local,42.7,346000,69,0,0
KZ2026001682,2019-08-27,Pavlodar,KZT,Personal loan,Consumer credit,Male,Local,19.3,2039000,18,0,0
KZ2026001683,2019-09-07,Kyzylorda,KZT,Personal loan,Consumer credit,Male,Local,20.9,3178000,35,0,0
KZ2026001684,2019-06-01,Akmola,KZT,Credit card,Consumer credit,Female,Local,39.4,218000,18,0,0
KZ2026001685,2019-07-06,Almaty,EUR,Personal loan,Consumer credit,Male,Local,18.8,1718000,52,0,0
KZ2026001686,2019-07-31,Almaty,KZT,Credit card,Consumer credit,Male,Local,36.1,396000,54,0,0
KZ2026001687,2020-07-27,East Kazakhstan,KZT,Personal loan,Consumer credit,Female,Local,24.9,619000,39,0,0
KZ2026001688,2019-04-25,East Kazakhstan,KZT,Personal loan,Consumer credit,Male,Local,25.7,837000,20,0,0
KZ2026001689,2020-04-25,West Kazakhstan,KZT,Personal loan,Consumer credit,Male,Local,12.8,840000,41,0,0
KZ2026001690,2019-08-19,Almaty Region,KZT,Personal loan,Auto loan,Male,Local,15.1,4564000,57,0,0
KZ2026001691,2019-05-10,Mangystau,KZT,Personal loan,Consumer credit,Male,Local,32.5,1203000,42,0,0
KZ2026001692,2020-12-26,Turkistan,KZT,Personal loan,Consumer credit,Female,Local,14.4,1845000,50,0,0
KZ2026001693,2020-04-21,Almaty,KZT,Personal loan,Consumer credit,Male,Local,16.3,1096000,32,0,0
KZ2026001694,2019-09-11,Kyzylorda,KZT,Personal loan,Consumer credit,Male,Local,15.0,733000,27,0,0
KZ2026001695,2020-07-17,Karaganda,KZT,Personal loan,Consumer credit,Male,Local,24.0,1412000,36,0,0
KZ2026001696,2021-03-12,East Kazakhstan,KZT,Personal loan,Consumer credit,Male,Local,35.7,550000,18,0,0
KZ2026001697,2019-09-07,Almaty,KZT,Personal loan,Consumer credit,Male,Local,27.4,1947000,62,0,0
KZ2026001698,2019-08-05,Mangystau,KZT,Credit card,Consumer credit,Male,Local,14.0,283000,39,0,0
KZ2026001699,2020-08-25,Shymkent,KZT,Personal loan,Consumer credit,Male,Local,28.5,1428000,47,0,0
KZ2026001700,2020-03-10,Kostanay,KZT,Personal loan,Consumer credit,Male,Local,18.6,1447000,32,0,0
KZ2026001701,2020-08-17,Turkistan,USD,Personal loan,Consumer credit,Female,Local,19.4,8143000,20,0,0
KZ2026001702,2019-05-28,Shymkent,KZT,Personal loan,Consumer credit,Male,Local,14.9,1277000,53,240,1
KZ2026001703,2021-04-03,Aktobe,KZT,Personal loan,Consumer credit,Male,Local,22.4,666000,25,0,0
KZ2026001704,2019-01-16,Karaganda,KZT,Personal loan,Consumer credit,Female,Local,18.4,2373000,41,0,0
KZ2026001705,2019-08-30,Atyrau,KZT,Personal loan,Consumer credit,Male,Local,25.6,954000,42,0,0
KZ2026001706,2020-07-06,Shymkent,KZT,Personal loan,Consumer credit,Female,Local,15.4,328000,38,0,0
KZ2026001707,2020-04-04,Nur-Sultan,KZT,Personal loan,Auto loan,Male,Local,9.4,3664000,28,0,0
KZ2026001708,2019-10-26,Almaty Region,KZT,Personal loan,Consumer credit,Male,Local,29.2,1412000,35,0,0
KZ2026001709,2021-05-12,North Kazakhstan,KZT,Personal loan,Consumer credit,Female,Local,33.0,598000,27,0,0
KZ2026001710,2019-11-01,Akmola,KZT,Personal loan,Consumer credit,Male,Local,28.0,1085000,46,0,0
KZ2026001711,2020-08-22,Mangystau,KZT,Personal loan,Consumer credit,Male,Local,16.9,1129000,43,0,0
KZ2026001712,2019-12-27,Almaty Region,KZT,Personal loan,Consumer credit,Female,Local,16.1,1144000,37,0,0
KZ2026001713,2020-01-24,Shymkent,KZT,Personal loan,Consumer credit,Female,Local,16.0,3427000,31,0,0
KZ2026001714,2020-11-17,Turkistan,KZT,Personal loan,Consumer credit,Male,Local,31.3,394000,60,283,1
KZ2026001715,2019-11-09,Akmola,KZT,Personal loan,Consumer credit,Female,Local,14.4,6760000,23,0,0
KZ2026001716,2019-12-19,Kyzylorda,KZT,Personal loan,Consumer credit,Male,Local,30.7,1167000,20,173,1
KZ2026001717,2020-11-21,Aktobe,KZT,Personal loan,Consumer credit,Female,Local,28.2,1965000,36,0,0
KZ2026001718,2019-03-18,West Kazakhstan,KZT,Credit card,Consumer credit,Male,Local,41.2,385000,34,0,0
KZ2026001719,2020-01-17,Karaganda,KZT,Personal loan,Consumer credit,Female,Local,33.0,277000,49,0,0
KZ2026001720,2019-09-04,Pavlodar,KZT,Personal loan,Consumer credit,Male,Local,28.1,489000,44,0,0
KZ2026001721,2020-03-01,Nur-Sultan,KZT,Personal loan,Consumer credit,Female,Local,9.7,769000,37,0,0
KZ2026001722,2020-05-23,Almaty,KZT,Credit card,Consumer credit,Male,Local,35.8,737000,43,0,0
KZ2026001723,2020-01-14,Kostanay,KZT,Personal loan,Consumer credit,Female,Local,24.4,370000,42,0,0
KZ2026001724,2021-05-27,Zhambyl,KZT,Personal loan,Consumer credit,Female,Local,19.7,580000,60,0,0
KZ2026001725,2021-03-16,East Kazakhstan,KZT,Credit card,Auto loan,Female,Local,40.9,4308000,40,0,0
KZ2026001726,2019-05-07,Nur-Sultan,KZT,Personal loan,Auto loan,Female,Local,15.1,4948000,30,0,0
KZ2026001727,2020-07-21,Aktobe,KZT,Personal loan,Consumer credit,Male,Local,17.7,1748000,39,0,0
KZ2026001728,2019-10-13,North Kazakhstan,KZT,Personal loan,Consumer credit,Female,Local,33.3,520000,18,0,0
KZ2026001729,2020-09-23,Nur-Sultan,KZT,Personal loan,Consumer credit,Male,Local,19.8,309000,37,0,0
KZ2026001730,2020-03-04,Almaty Region,KZT,Personal loan,Consumer credit,Female,Local,17.3,1897000,49,0,0
KZ2026001731,2021-04-22,Shymkent,KZT,Personal loan,Consumer credit,Female,Local,11.9,4057000,44,0,0
KZ2026001732,2021-04-14,Nur-Sultan,KZT,Personal loan,Consumer credit,Male,Local,15.5,895000,40,0,0
KZ2026001733,2019-02-20,Kyzylorda,KZT,Personal loan,Consumer credit,Male,Local,16.6,454000,44,0,0
KZ2026001734,2019-04-06,Almaty,KZT,Personal loan,Auto loan,Female,Local,19.9,3296000,49,0,0
KZ2026001735,2019-01-21,North Kazakhstan,KZT,Credit card,Consumer credit,Female,Local,23.0,470000,53,0,0
KZ2026001736,2020-12-01,Kyzylorda,KZT,Personal loan,Consumer credit,Female,Local,6.1,984000,42,0,0
KZ2026001737,2019-07-21,Turkistan,KZT,Personal loan,Consumer credit,Female,Local,24.8,3969000,34,0,0
KZ2026001738,2020-09-30,Almaty,KZT,Personal loan,Consumer credit,Male,Local,16.6,2634000,18,0,0
KZ2026001739,2019-10-21,Zhambyl,KZT,Personal loan,Consumer credit,Female,Local,22.5,1404000,48,0,0
KZ2026001740,2019-09-28,Mangystau,KZT,Personal loan,Consumer credit,Female,Local,35.1,228000,43,0,0
KZ2026001741,2020-06-17,Almaty,KZT,Personal loan,Auto loan,Female,Local,16.7,2929000,39,0,0
KZ2026001742,2020-11-14,Almaty,KZT,Personal loan,Consumer credit,Female,Local,36.5,753000,29,0,0
KZ2026001743,2020-05-15,Nur-Sultan,KZT,Personal loan,Consumer credit,Female,Local,22.4,636000,48,0,0
KZ2026001744,2020-05-22,Shymkent,KZT,Credit card,Consumer credit,Female,Local,39.3,404000,34,0,0
KZ2026001745,2020-10-12,Kostanay,KZT,Personal loan,Consumer credit,Female,Local,17.7,1436000,37,0,0
KZ2026001746,2019-06-01,Karaganda,KZT,Personal loan,Consumer credit,Female,Local,24.4,289000,36,0,0
KZ2026001747,2020-06-06,Kyzylorda,KZT,Personal loan,Consumer credit,Female,Local,14.0,2378000,42,0,0
KZ2026001748,2019-09-10,Zhambyl,KZT,Personal loan,Consumer credit,Male,Local,15.4,1217000,24,0,0
KZ2026001749,2019-05-17,Atyrau,KZT,Personal loan,Consumer credit,Male,Local,20.5,1626000,43,0,0
KZ2026001750,2019-10-17,Atyrau,KZT,Personal loan,Consumer credit,Female,Local,10.4,2260000,29,0,0
KZ2026001751,2019-06-19,Karaganda,KZT,Credit card,Consumer credit,Female,Local,32.9,197000,29,0,0
KZ2026001752,2019-10-13,Almaty,KZT,Personal loan,Consumer credit,Female,Local,19.4,3499000,47,0,0
KZ2026001753,2019-01-21,Turkistan,KZT,Credit card,Consumer credit,Female,Local,33.3,315000,26,0,0
KZ2026001754,2020-10-21,Pavlodar,KZT,Credit card,Consumer credit,Male,Local,20.3,1088000,47,0,0
KZ2026001755,2019-11-04,Aktobe,KZT,Personal loan,Consumer credit,Male,Local,29.4,561000,38,0,0
KZ2026001756,2020-08-06,West Kazakhstan,KZT,Credit card,Consumer credit,Female,Local,44.4,1029000,19,355,1
KZ2026001757,2020-10-23,Almaty,KZT,Personal loan,Consumer credit,Female,Local,36.5,557000,52,0,0
KZ2026001758,2020-12-24,Shymkent,USD,Personal loan,Consumer credit,Male,Local,33.0,15000000,40,0,0
KZ2026001759,2019-03-10,Turkistan,KZT,Personal loan,Auto loan,Male,Local,13.7,6435000,41,0,0
KZ2026001760,2020-03-27,Turkistan,KZT,Personal loan,Auto loan,Male,Local,19.1,3398000,48,0,0
KZ2026001761,2020-01-03,Aktobe,KZT,Personal loan,Consumer credit,Male,Local,20.2,2204000,53,0,0
KZ2026001762,2019-11-06,Almaty,KZT,Credit card,Consumer credit,Female,Local,17.4,340000,39,157,1
KZ2026001763,2020-12-13,Almaty,KZT,Personal loan,Consumer credit,Male,Local,30.6,475000,44,0,0
KZ2026001764,2019-03-01,Nur-Sultan,KZT,Personal loan,Consumer credit,Male,Local,21.8,111000,41,0,0
KZ2026001765,2019-10-01,Almaty,KZT,Personal loan,Consumer credit,Female,Local,8.4,10112000,33,0,0
KZ2026001766,2020-12-02,Nur-Sultan,KZT,Personal loan,Consumer credit,Female,Foreigner,21.0,1277000,20,0,0
KZ2026001767,2019-12-15,Shymkent,KZT,Personal loan,Consumer credit,Female,Local,24.1,98000,39,0,0
KZ2026001768,2019-03-08,Nur-Sultan,KZT,Personal loan,Consumer credit,Male,Local,22.8,1552000,52,0,0
KZ2026001769,2019-06-03,Almaty,KZT,Credit card,Consumer credit,Male,Local,42.0,587000,43,344,1
KZ2026001770,2019-09-24,Pavlodar,KZT,Personal loan,Consumer credit,Male,Local,11.4,653000,25,0,0
KZ2026001771,2019-08-08,West Kazakhstan,KZT,Personal loan,Consumer credit,Female,Foreigner,25.1,657000,49,0,0
KZ2026001772,2020-08-13,Mangystau,KZT,Personal loan,Consumer credit,Male,Local,34.0,1180000,34,0,0
KZ2026001773,2019-06-01,Karaganda,KZT,Personal loan,Consumer credit,Female,Foreigner,18.6,3335000,18,0,0
KZ2026001774,2020-11-05,Turkistan,KZT,Credit card,Consumer credit,Female,Local,39.7,377000,48,198,1
KZ2026001775,2019-10-03,Karaganda,KZT,Personal loan,Consumer credit,Female,Local,34.0,4162000,27,0,0
KZ2026001776,2019-03-02,East Kazakhstan,KZT,Personal loan,Consumer credit,Male,Local,35.5,3139000,57,0,0
KZ2026001777,2019-01-10,Kostanay,KZT,Personal loan,Consumer credit,Male,Local,8.0,988000,50,0,0
KZ2026001778,2020-06-20,Atyrau,KZT,Credit card,Consumer credit,Female,Local,35.8,108000,34,0,0
KZ2026001779,2020-10-10,Aktobe,KZT,Personal loan,Consumer credit,Male,Local,25.2,990000,42,0,0
KZ2026001780,2019-05-02,Atyrau,KZT,Personal loan,Consumer credit,Female,Local,22.0,1877000,64,0,0
KZ2026001781,2019-09-30,Almaty,KZT,Personal loan,Consumer credit,Male,Local,23.3,1263000,48,0,0
KZ2026001782,2020-10-30,Mangystau,EUR,Personal loan,Consumer credit,Female,Local,27.1,3626000,40,0,0
KZ2026001783,2021-02-05,Almaty,KZT,Personal loan,Consumer credit,Female,Local,30.5,1884000,69,0,0
KZ2026001784,2020-10-06,Almaty,KZT,Personal loan,Consumer credit,Male,Local,24.7,950000,38,0,0
KZ2026001785,2020-06-29,Almaty,USD,Personal loan,Auto loan,Female,Local,26.1,9047000,43,0,0
KZ2026001786,2020-10-22,Pavlodar,KZT,Credit card,Consumer credit,Female,Local,19.0,114000,27,0,0
KZ2026001787,2019-09-20,Aktobe,KZT,Personal loan,Consumer credit,Female,Local,20.1,1816000,19,0,0
KZ2026001788,2019-02-26,Kostanay,KZT,Credit card,Consumer credit,Male,Local,31.1,1383000,34,0,0
KZ2026001789,2020-05-13,North Kazakhstan,KZT,Personal loan,Consumer credit,Male,Local,35.0,442000,37,0,0
KZ2026001790,2020-05-08,Nur-Sultan,KZT,Personal loan,Consumer credit,Female,Local,17.7,2810000,41,0,0
KZ2026001791,2020-12-10,Kyzylorda,KZT,Personal loan,Auto loan,Male,Local,18.8,6665000,21,0,0
KZ2026001792,2019-08-01,Akmola,KZT,Personal loan,Consumer credit,Female,Local,10.1,342000,44,0,0
KZ2026001793,2021-02-24,Almaty,KZT,Personal loan,Consumer credit,Male,Local,32.1,2199000,28,0,0
KZ2026001794,2020-03-13,Kostanay,RUB,Personal loan,Auto loan,Female,Local,16.4,4943000,44,0,0
KZ2026001795,2020-01-26,Turkistan,KZT,Personal loan,Consumer credit,Male,Local,20.3,910000,47,0,0
KZ2026001796,2021-05-23,Akmola,KZT,Personal loan,Consumer credit,Female,Local,41.3,3662000,33,0,0
KZ2026001797,2020-04-24,Zhambyl,KZT,Personal loan,Consumer credit,Male,Local,32.4,1091000,26,0,0
KZ2026001798,2019-03-21,Akmola,KZT,Credit card,Consumer credit,Male,Local,23.2,247000,54,0,0
KZ2026001799,2019-08-13,Zhambyl,KZT,Personal loan,Auto loan,Male,Local,15.5,3272000,47,0,0
KZ2026001800,2020-06-08,Karaganda,KZT,Personal loan,Consumer credit,Female,Local,47.5,898000,39,0,0
KZ2026001801,2019-07-23,Karaganda,KZT,Personal loan,Consumer credit,Male,Local,41.0,479000,53,0,0
KZ2026001802,2019-05-26,Karaganda,KZT,Personal loan,Consumer credit,Female,Local,31.2,803000,38,0,0
KZ2026001803,2019-09-19,Almaty,KZT,Personal loan,Consumer credit,Male,Local,6.0,1326000,30,0,0
KZ2026001804,2020-03-26,Kostanay,KZT,Personal loan,Consumer credit,Female,Local,34.5,1692000,26,0,0
KZ2026001805,2019-03-23,Karaganda,KZT,Personal loan,Consumer credit,Female,Local,16.5,3339000,36,0,0
KZ2026001806,2020-04-04,Karaganda,KZT,Personal loan,Consumer credit,Male,Local,34.5,1473000,45,0,0
KZ2026001807,2020-10-04,Nur-Sultan,KZT,Personal loan,Consumer credit,Male,Local,16.4,802000,52,0,0
KZ2026001808,2020-02-07,Atyrau,KZT,Personal loan,Consumer credit,Male,Local,27.6,508000,37,0,0
KZ2026001809,2020-09-04,Almaty Region,KZT,Credit card,Consumer credit,Female,Local,26.1,437000,50,0,0
KZ2026001810,2020-07-18,Nur-Sultan,KZT,Personal loan,Auto loan,Female,Local,13.9,3794000,35,0,0
KZ2026001811,2020-03-14,Almaty,KZT,Personal loan,Consumer credit,Male,Local,28.3,1117000,28,0,0
KZ2026001812,2021-05-10,Atyrau,KZT,Personal loan,Consumer credit,Female,Local,10.7,1500000,23,0,0
KZ2026001813,2020-06-24,Kyzylorda,KZT,Personal loan,Consumer credit,Female,Local,43.8,1866000,31,0,0
KZ2026001814,2020-12-12,Almaty,RUB,Personal loan,Consumer credit,Female,Local,13.3,1759000,23,0,0
KZ2026001815,2020-07-19,Pavlodar,KZT,Personal loan,Consumer credit,Female,Local,13.3,607000,59,0,0
KZ2026001816,2021-04-26,Zhambyl,KZT,Personal loan,Consumer credit,Female,Local,28.6,713000,42,0,0
KZ2026001817,2020-01-16,Kyzylorda,KZT,Personal loan,Consumer credit,Male,Local,34.0,2468000,36,0,0
KZ2026001818,2019-06-17,Atyrau,KZT,Personal loan,Consumer credit,Female,Local,20.0,837000,56,0,0
KZ2026001819,2019-06-10,East Kazakhstan,KZT,Credit card,Consumer credit,Male,Local,23.3,128000,23,0,0
KZ2026001820,2021-05-27,Karaganda,KZT,Personal loan,Consumer credit,Female,Local,13.9,3215000,35,0,0
KZ2026001821,2020-12-06,Turkistan,KZT,Personal loan,Auto loan,Female,Local,10.1,2618000,59,0,0
KZ2026001822,2019-09-27,East Kazakhstan,KZT,Personal loan,Consumer credit,Female,Foreigner,28.0,1236000,35,0,0
KZ2026001823,2020-01-31,Zhambyl,KZT,Personal loan,Consumer credit,Male,Local,26.3,1822000,64,0,0
KZ2026001824,2019-01-31,West Kazakhstan,KZT,Personal loan,Consumer credit,Female,Local,26.0,1203000,46,0,0
KZ2026001825,2021-04-21,Kyzylorda,KZT,Credit card,Consumer credit,Male,Local,38.6,55000,51,0,0
KZ2026001826,2020-01-21,Nur-Sultan,KZT,Personal loan,Consumer credit,Female,Local,18.8,1672000,52,0,0
KZ2026001827,2019-12-06,East Kazakhstan,KZT,Personal loan,Consumer credit,Male,Local,15.5,3705000,37,0,0
KZ2026001828,2019-08-06,East Kazakhstan,KZT,Personal loan,Consumer credit,Female,Local,23.8,2342000,32,0,0
KZ2026001829,2019-03-14,Turkistan,KZT,Personal loan,Consumer credit,Male,Local,23.2,197000,99,0,0
KZ2026001830,2020-11-03,East Kazakhstan,KZT,Personal loan,Consumer credit,Male,Local,24.0,7319000,26,0,0
KZ2026001831,2019-07-16,Atyrau,KZT,Credit card,Consumer credit,Male,Local,26.2,129000,36,0,0
KZ2026001832,2019-03-18,Shymkent,KZT,Personal loan,Consumer credit,Male,Local,29.0,480000,37,0,0
KZ2026001833,2021-05-14,Atyrau,KZT,Personal loan,Consumer credit,Male,Local,11.8,2332000,56,191,1
KZ2026001834,2020-04-28,Almaty,KZT,Personal loan,Consumer credit,Female,Local,18.5,1763000,44,0,0
KZ2026001835,2019-03-10,Almaty,KZT,Personal loan,Consumer credit,Female,Local,32.8,1285000,63,0,0
KZ2026001836,2019-09-13,Nur-Sultan,KZT,Personal loan,Consumer credit,Female,Local,12.8,740000,18,0,0
KZ2026001837,2020-05-03,Nur-Sultan,KZT,Personal loan,Consumer credit,Female,Local,31.6,3719000,24,0,0
KZ2026001838,2019-07-02,Almaty Region,KZT,Personal loan,Consumer credit,Male,Local,10.0,1161000,33,0,0
KZ2026001839,2021-05-24,Kyzylorda,KZT,Personal loan,Consumer credit,Male,Local,9.1,317000,53,0,0
KZ2026001840,2021-02-12,Kyzylorda,KZT,Personal loan,Consumer credit,Male,Local,8.7,3420000,36,0,0
KZ2026001841,2021-02-21,Nur-Sultan,KZT,Credit card,Consumer credit,Male,Local,32.2,413000,21,0,0
KZ2026001842,2020-03-31,Zhambyl,KZT,Personal loan,Consumer credit,Female,Local,28.8,3096000,34,0,0
KZ2026001843,2021-05-22,Almaty,KZT,Personal loan,Consumer credit,Female,Local,34.1,1952000,24,0,0
KZ2026001844,2019-10-15,Shymkent,KZT,Personal loan,Consumer credit,Female,Local,32.6,9163000,22,0,0
KZ2026001845,2020-05-05,Almaty,KZT,Personal loan,Consumer credit,Female,Local,30.6,922000,59,256,1
KZ2026001846,2020-10-20,Karaganda,KZT,Personal loan,Auto loan,Male,Local,11.1,4029000,33,0,0
KZ2026001847,2020-03-22,Aktobe,KZT,Personal loan,Consumer credit,Female,Local,14.8,2213000,39,0,0
KZ2026001848,2021-01-23,Karaganda,KZT,Personal loan,Consumer credit,Male,Local,29.9,927000,36,0,0
KZ2026001849,2019-04-02,Almaty Region,KZT,Personal loan,Consumer credit,Female,Local,35.1,2374000,34,0,0
KZ2026001850,2020-01-26,Kyzylorda,KZT,Personal loan,Consumer credit,Male,Local,14.7,98000,28,0,0
KZ2026001851,2021-01-02,Almaty,KZT,Personal loan,Consumer credit,Male,Local,34.4,1128000,34,0,0
KZ2026001852,2019-06-10,Turkistan,KZT,Credit card,Consumer credit,Male,Local,16.0,324000,41,319,1
KZ2026001853,2019-12-06,East Kazakhstan,KZT,Personal loan,Consumer credit,Male,Local,26.3,1066000,53,0,0
KZ2026001854,2021-05-28,Kyzylorda,KZT,Personal loan,Consumer credit,Male,Local,22.2,569000,47,0,0
KZ2026001855,2020-06-25,North Kazakhstan,KZT,Personal loan,Consumer credit,Male,Local,20.5,2592000,24,0,0
KZ2026001856,2019-11-13,Shymkent,RUB,Personal loan,Consumer credit,Female,Local,23.0,1106000,48,0,0
KZ2026001857,2019-11-17,Almaty,KZT,Personal loan,Consumer credit,Female,Local,15.0,1163000,42,0,0
KZ2026001858,2019-07-01,Akmola,KZT,Personal loan,Consumer credit,Male,Local,26.5,1836000,30,0,0
KZ2026001859,2020-10-10,Almaty,KZT,Credit card,Consumer credit,Male,Local,31.3,1024000,39,0,0
KZ2026001860,2019-04-02,Almaty,KZT,Personal loan,Consumer credit,Female,Local,31.0,1416000,43,0,0
KZ2026001861,2019-07-03,West Kazakhstan,KZT,Personal loan,Consumer credit,Male,Local,36.6,2453000,38,0,0
KZ2026001862,2019-04-20,Shymkent,KZT,Personal loan,Consumer credit,Female,Local,23.8,1357000,42,0,0
KZ2026001863,2020-10-27,Shymkent,KZT,Personal loan,Consumer credit,Male,Local,15.6,781000,28,0,0
KZ2026001864,2021-04-12,Zhambyl,KZT,Personal loan,Consumer credit,Male,Local,12.5,1064000,59,0,0
KZ2026001865,2019-03-18,Karaganda,KZT,Personal loan,Consumer credit,Male,Local,38.1,943000,18,0,0
KZ2026001866,2021-04-15,North Kazakhstan,KZT,Personal loan,Consumer credit,Male,Local,36.6,1945000,43,0,0
KZ2026001867,2021-03-20,Turkistan,KZT,Personal loan,Consumer credit,Female,Local,30.6,1314000,41,139,1
KZ2026001868,2020-03-24,Almaty,KZT,Personal loan,Consumer credit,Female,Local,23.6,611000,44,0,0
KZ2026001869,2019-02-02,Zhambyl,KZT,Personal loan,Consumer credit,Male,Local,30.1,994000,29,0,0
KZ2026001870,2020-09-03,Pavlodar,KZT,Personal loan,Auto loan,Female,Local,24.3,2013000,50,0,0
KZ2026001871,2020-04-08,Akmola,KZT,Personal loan,Consumer credit,Male,Local,17.2,1026000,36,0,0
KZ2026001872,2021-01-05,Atyrau,KZT,Personal loan,Consumer credit,Male,Local,23.0,1201000,24,0,0
KZ2026001873,2019-09-18,Shymkent,KZT,Personal loan,Consumer credit,Female,Local,11.9,5582000,25,0,0
KZ2026001874,2020-05-07,Shymkent,KZT,Personal loan,Consumer credit,Female,Local,20.9,3775000,38,0,0
KZ2026001875,2021-02-26,Turkistan,KZT,Personal loan,Auto loan,Female,Local,25.6,2512000,19,0,0
KZ2026001876,2020-08-11,Mangystau,KZT,Personal loan,Consumer credit,Male,Local,32.3,1425000,57,0,0
KZ2026001877,2020-07-24,Akmola,KZT,Personal loan,Consumer credit,Male,Local,23.8,1446000,49,0,0
KZ2026001878,2021-05-03,Aktobe,KZT,Personal loan,Consumer credit,Male,Local,0.0,987000,57,0,0
KZ2026001879,2020-03-08,Zhambyl,KZT,Credit card,Consumer credit,Female,Local,26.2,309000,56,359,1
KZ2026001880,2019-06-02,Zhambyl,KZT,Credit card,Consumer credit,Male,Local,32.3,268000,33,0,0
KZ2026001881,2021-05-11,East Kazakhstan,KZT,Personal loan,Consumer credit,Female,Local,19.9,5895000,27,0,0
KZ2026001882,2019-05-03,Karaganda,KZT,Personal loan,Consumer credit,Male,Local,23.2,842000,73,0,0
KZ2026001883,2020-05-01,Almaty Region,KZT,Personal loan,Consumer credit,Male,Local,24.7,1603000,33,0,0
KZ2026001884,2020-10-26,Kyzylorda,KZT,Personal loan,Consumer credit,Male,Local,19.0,140000,56,0,0
KZ2026001885,2020-11-25,Aktobe,KZT,Personal loan,Consumer credit,Male,Local,22.3,2417000,28,0,0
KZ2026001886,2020-09-13,Aktobe,KZT,Personal loan,Consumer credit,Female,Local,20.8,3284000,35,0,0
KZ2026001887,2020-01-11,Almaty,KZT,Personal loan,Consumer credit,Female,Local,16.8,491000,31,0,0
KZ2026001888,2019-06-14,Almaty,KZT,Personal loan,Consumer credit,Female,Local,39.5,777000,41,0,0
KZ2026001889,2019-02-03,North Kazakhstan,KZT,Personal loan,Consumer credit,Female,Local,18.2,1761000,51,0,0
KZ2026001890,2019-09-25,Atyrau,EUR,Personal loan,Consumer credit,Male,Local,0.0,2022000,20,0,0
KZ2026001891,2021-05-08,Almaty,KZT,Personal loan,Consumer credit,Female,Local,15.2,940000,22,0,0
KZ2026001892,2020-08-28,Kyzylorda,KZT,Credit card,Consumer credit,Female,Local,37.8,1416000,53,0,0
KZ2026001893,2019-12-26,Zhambyl,KZT,Personal loan,Consumer credit,Female,Local,16.9,679000,45,0,0
KZ2026001894,2020-03-12,Nur-Sultan,KZT,Personal loan,Consumer credit,Male,Local,26.6,11824000,34,0,0
KZ2026001895,2019-10-23,Aktobe,KZT,Personal loan,Consumer credit,Male,Local,21.7,3449000,56,0,0
KZ2026001896,2021-02-27,Almaty,KZT,Personal loan,Auto loan,Female,Local,21.9,5817000,22,0,0
KZ2026001897,2020-02-05,Karaganda,KZT,Personal loan,Consumer credit,Male,Local,21.2,496000,47,0,0
KZ2026001898,2021-01-09,Akmola,KZT,Personal loan,Consumer credit,Male,Foreigner,18.8,2600000,36,290,1
KZ2026001899,2019-02-15,Nur-Sultan,KZT,Credit card,Consumer credit,Male,Local,28.1,551000,44,0,0
KZ2026001900,2020-03-06,Nur-Sultan,KZT,Personal loan,Consumer credit,Female,Local,6.3,198000,18,0,0
KZ2026001901,2020-06-16,West Kazakhstan,KZT,Personal loan,Consumer credit,Male,Local,17.9,364000,34,0,0
KZ2026001902,2020-08-11,Nur-Sultan,KZT,Personal loan,Consumer credit,Female,Local,48.4,1626000,45,0,0
KZ2026001903,2019-01-22,North Kazakhstan,KZT,Credit card,Consumer credit,Female,Local,14.8,15000000,36,0,0
KZ2026001904,2020-07-22,Almaty,KZT,Personal loan,Consumer credit,Male,Local,25.1,774000,51,0,0
KZ2026001905,2021-01-11,West Kazakhstan,KZT,Credit card,Consumer credit,Male,Local,29.0,786000,50,0,0
KZ2026001906,2019-03-23,Atyrau,KZT,Personal loan,Consumer credit,Female,Local,39.6,566000,26,0,0
KZ2026001907,2019-10-20,Atyrau,KZT,Personal loan,Consumer credit,Male,Local,12.9,815000,46,0,0
KZ2026001908,2020-01-11,Nur-Sultan,KZT,Credit card,Consumer credit,Male,Local,32.4,215000,26,0,0
KZ2026001909,2019-08-13,Pavlodar,KZT,Personal loan,Consumer credit,Male,Local,28.7,1851000,38,0,0
KZ2026001910,2020-01-24,Turkistan,KZT,Personal loan,Auto loan,Male,Local,15.4,1845000,44,0,0
KZ2026001911,2021-02-27,Nur-Sultan,KZT,Credit card,Consumer credit,Female,Local,25.4,241000,28,0,0
KZ2026001912,2021-03-03,Almaty,KZT,Personal loan,Consumer credit,Male,Local,23.3,277000,46,0,0
KZ2026001913,2020-06-14,Turkistan,KZT,Personal loan,Consumer credit,Female,Local,20.1,920000,31,0,0
KZ2026001914,2021-02-20,Zhambyl,RUB,Credit card,Consumer credit,Male,Local,28.4,863000,31,222,1
KZ2026001915,2020-12-20,Almaty,KZT,Credit card,Auto loan,Female,Local,37.7,2883000,45,0,0
KZ2026001916,2019-02-20,Almaty,KZT,Credit card,Auto loan,Female,Local,33.2,5085000,28,0,0
KZ2026001917,2019-12-08,Karaganda,KZT,Credit card,Consumer credit,Male,Local,35.8,305000,27,0,0
KZ2026001918,2021-01-16,Kostanay,KZT,Personal loan,Consumer credit,Female,Local,25.1,3816000,48,0,0
KZ2026001919,2020-01-26,West Kazakhstan,KZT,Credit card,Consumer credit,Male,Local,39.1,317000,38,313,1
KZ2026001920,2020-06-24,Shymkent,KZT,Personal loan,Consumer credit,Female,Local,35.7,96000,21,0,0
KZ2026001921,2019-12-30,East Kazakhstan,KZT,Personal loan,Consumer credit,Female,Local,19.7,2567000,46,0,0
KZ2026001922,2019-01-15,Akmola,KZT,Personal loan,Consumer credit,Male,Local,30.3,812000,33,0,0
KZ2026001923,2020-05-13,East Kazakhstan,KZT,Personal loan,Consumer credit,Male,Local,11.2,951000,22,0,0
KZ2026001924,2019-12-03,Aktobe,KZT,Personal loan,Consumer credit,Female,Local,2.3,1597000,18,0,0
KZ2026001925,2020-11-14,Almaty,KZT,Credit card,Consumer credit,Female,Local,46.5,120000,47,0,0
KZ2026001926,2021-02-23,Nur-Sultan,KZT,Personal loan,Consumer credit,Female,Foreigner,22.7,1279000,28,0,0
KZ2026001927,2019-04-03,Aktobe,KZT,Personal loan,Consumer credit,Male,Local,11.4,1890000,23,0,0
KZ2026001928,2019-11-13,Kostanay,KZT,Personal loan,Auto loan,Male,Local,8.4,4712000,44,0,0
KZ2026001929,2019-12-13,Nur-Sultan,KZT,Personal loan,Consumer credit,Female,Local,16.6,721000,46,0,0
KZ2026001930,2020-08-20,Atyrau,KZT,Personal loan,Consumer credit,Female,Local,28.1,2788000,28,0,0
KZ2026001931,2019-12-16,Karaganda,KZT,Personal loan,Consumer credit,Female,Local,18.5,514000,47,0,0
KZ2026001932,2020-05-14,Karaganda,KZT,Personal loan,Consumer credit,Female,Local,20.0,705000,60,0,0
KZ2026001933,2021-03-13,Mangystau,KZT,Personal loan,Consumer credit,Female,Local,16.1,1069000,52,0,0
KZ2026001934,2020-06-04,Pavlodar,KZT,Personal loan,Consumer credit,Male,Local,33.1,1543000,50,0,0
KZ2026001935,2019-03-28,Kostanay,KZT,Personal loan,Consumer credit,Female,Local,30.7,911000,40,0,0
KZ2026001936,2020-02-29,Nur-Sultan,KZT,Personal loan,Consumer credit,Male,Local,17.8,3410000,32,0,0
KZ2026001937,2021-02-21,Atyrau,KZT,Personal loan,Consumer credit,Female,Local,28.7,1542000,36,0,0
KZ2026001938,2020-03-01,West Kazakhstan,KZT,Personal loan,Consumer credit,Male,Local,20.5,1280000,42,0,0
KZ2026001939,2021-05-17,Almaty,KZT,Personal loan,Consumer credit,Female,Local,19.6,1497000,23,0,0
KZ2026001940,2021-03-08,Nur-Sultan,KZT,Personal loan,Auto loan,Female,Local,15.6,5563000,29,0,0
KZ2026001941,2019-08-22,Almaty,KZT,Personal loan,Consumer credit,Female,Local,28.4,1473000,21,0,0
KZ2026001942,2020-01-01,Atyrau,KZT,Personal loan,Auto loan,Male,Local,11.1,1772000,40,0,0
KZ2026001943,2019-06-13,Almaty Region,KZT,Personal loan,Consumer credit,Female,Local,26.7,3030000,38,0,0
KZ2026001944,2019-06-19,Almaty,USD,Personal loan,Consumer credit,Male,Foreigner,40.6,2323000,30,0,0
KZ2026001945,2019-11-21,Pavlodar,KZT,Personal loan,Auto loan,Male,Local,15.7,3332000,46,0,0
KZ2026001946,2020-01-06,Turkistan,KZT,Personal loan,Auto loan,Female,Local,19.4,1758000,26,0,0
KZ2026001947,2019-11-06,Almaty,KZT,Credit card,Auto loan,Female,Local,17.7,1434000,29,0,0
KZ2026001948,2020-10-09,Turkistan,KZT,Personal loan,Consumer credit,Male,Local,38.4,538000,46,0,0
KZ2026001949,2019-05-15,Nur-Sultan,KZT,Personal loan,Consumer credit,Female,Local,31.3,1863000,47,0,0
KZ2026001950,2020-02-24,Turkistan,KZT,Credit card,Consumer credit,Male,Local,25.7,926000,28,0,0
KZ2026001951,2021-02-23,Shymkent,KZT,Personal loan,Consumer credit,Female,Local,22.9,1551000,40,0,0
KZ2026001952,2020-10-08,Nur-Sultan,KZT,Personal loan,Auto loan,Female,Local,13.0,2491000,28,0,0
KZ2026001953,2019-06-30,Kyzylorda,KZT,Credit card,Consumer credit,Female,Foreigner,37.3,194000,35,339,1
KZ2026001954,2019-07-31,Shymkent,USD,Personal loan,Consumer credit,Female,Local,18.6,5289000,39,0,0
KZ2026001955,2021-03-28,Turkistan,KZT,Credit card,Auto loan,Female,Local,25.7,10299000,43,0,0
KZ2026001956,2020-05-29,Shymkent,KZT,Personal loan,Auto loan,Female,Local,22.5,9305000,40,0,0
KZ2026001957,2021-02-15,Zhambyl,KZT,Personal loan,Auto loan,Male,Local,12.4,10453000,87,0,0
KZ2026001958,2021-02-02,Nur-Sultan,KZT,Personal loan,Consumer credit,Male,Local,0.0,1659000,25,0,0
KZ2026001959,2020-01-25,North Kazakhstan,KZT,Personal loan,Consumer credit,Female,Local,21.5,898000,41,0,0
KZ2026001960,2020-04-12,Karaganda,KZT,Credit card,Auto loan,Male,Local,49.3,4696000,43,0,0
KZ2026001961,2019-11-22,Karaganda,KZT,Personal loan,Consumer credit,Female,Local,29.9,2598000,45,0,0
KZ2026001962,2020-07-16,Almaty Region,KZT,Personal loan,Consumer credit,Male,Local,17.7,690000,29,0,0
KZ2026001963,2020-07-27,West Kazakhstan,KZT,Personal loan,Auto loan,Female,Local,16.0,2437000,47,0,0
KZ2026001964,2020-08-22,Almaty,KZT,Personal loan,Consumer credit,Male,Local,28.9,943000,23,0,0
KZ2026001965,2021-01-30,Kyzylorda,KZT,Personal loan,Consumer credit,Female,Local,7.2,622000,32,0,0
KZ2026001966,2020-10-15,Nur-Sultan,KZT,Personal loan,Consumer credit,Female,Local,14.5,3446000,34,0,0
KZ2026001967,2019-03-31,Kostanay,KZT,Personal loan,Consumer credit,Male,Local,26.6,711000,23,0,0
KZ2026001968,2019-11-06,North Kazakhstan,KZT,Credit card,Auto loan,Female,Local,42.8,4176000,34,0,0
KZ2026001969,2020-05-18,Atyrau,KZT,Personal loan,Consumer credit,Male,Local,18.3,2767000,39,161,1
KZ2026001970,2020-07-07,East Kazakhstan,KZT,Personal loan,Consumer credit,Female,Local,36.2,3562000,18,0,0
KZ2026001971,2021-02-02,Akmola,KZT,Personal loan,Consumer credit,Female,Local,15.8,1433000,33,0,0
KZ2026001972,2020-01-03,Shymkent,KZT,Personal loan,Consumer credit,Male,Local,0.0,1664000,18,0,0
KZ2026001973,2020-12-26,Kostanay,KZT,Personal loan,Auto loan,Male,Local,20.8,2531000,59,0,0
KZ2026001974,2019-12-12,Almaty Region,KZT,Personal loan,Consumer credit,Male,Local,27.1,2863000,39,0,0
KZ2026001975,2019-05-10,Almaty,KZT,Personal loan,Consumer credit,Male,Foreigner,31.1,3512000,38,0,0
KZ2026001976,2020-02-24,Almaty,KZT,Credit card,Consumer credit,Female,Local,33.5,86000,40,0,0
KZ2026001977,2019-05-12,Atyrau,KZT,Credit card,Consumer credit,Male,Local,28.6,1313000,44,0,0
KZ2026001978,2019-12-27,Shymkent,KZT,Credit card,Consumer credit,Female,Local,29.9,207000,48,333,1
KZ2026001979,2019-08-03,Kyzylorda,KZT,Credit card,Consumer credit,Female,Local,27.4,547000,20,0,0
KZ2026001980,2019-01-23,Almaty,KZT,Personal loan,Consumer credit,Female,Local,19.1,1282000,51,0,0
KZ2026001981,2020-08-08,North Kazakhstan,KZT,Personal loan,Consumer credit,Female,Local,6.4,1140000,51,135,1
KZ2026001982,2020-10-17,Almaty Region,KZT,Credit card,Consumer credit,Male,Local,21.7,300000,36,0,0
KZ2026001983,2019-04-27,North Kazakhstan,KZT,Credit card,Consumer credit,Female,Local,30.4,166000,36,0,0
KZ2026001984,2020-05-30,Almaty,KZT,Credit card,Consumer credit,Female,Local,13.2,518000,18,0,0
KZ2026001985,2020-03-19,Karaganda,KZT,Personal loan,Consumer credit,Female,Local,4.8,941000,23,0,0
KZ2026001986,2019-05-02,Turkistan,KZT,Personal loan,Consumer credit,Male,Local,20.3,394000,43,0,0
KZ2026001987,2020-06-21,Almaty,KZT,Credit card,Consumer credit,Male,Local,30.7,161000,50,0,0
KZ2026001988,2019-08-19,Kostanay,KZT,Credit card,Auto loan,Female,Local,27.9,2236000,45,0,0
KZ2026001989,2020-12-26,Shymkent,KZT,Personal loan,Consumer credit,Female,Local,1.5,768000,36,0,0
KZ2026001990,2020-06-23,Almaty,KZT,Credit card,Consumer credit,Male,Local,43.6,504000,58,0,0
KZ2026001991,2019-04-09,Nur-Sultan,KZT,Personal loan,Consumer credit,Female,Local,10.1,656000,48,0,0
KZ2026001992,2020-04-02,Karaganda,KZT,Credit card,Consumer credit,Male,Local,24.4,727000,33,0,0
KZ2026001993,2019-04-14,Aktobe,KZT,Personal loan,Consumer credit,Female,Local,11.4,1084000,61,0,0
KZ2026001994,2020-09-30,Nur-Sultan,KZT,Credit card,Consumer credit,Male,Local,41.9,282000,25,0,0
KZ2026001995,2019-09-20,Atyrau,KZT,Personal loan,Consumer credit,Male,Local,26.5,1217000,21,355,1
KZ2026001996,2020-03-07,Kyzylorda,KZT,Personal loan,Consumer credit,Male,Local,17.8,3928000,32,336,1
KZ2026001997,2020-09-06,Akmola,KZT,Personal loan,Consumer credit,Male,Local,18.4,374000,29,0,0
KZ2026001998,2021-01-15,Aktobe,KZT,Personal loan,Consumer credit,Male,Local,23.6,4905000,33,0,0
KZ2026001999,2020-03-28,Pavlodar,KZT,Personal loan,Consumer credit,Male,Local,11.1,2714000,46,333,1
KZ2026002000,2019-03-10,East Kazakhstan,KZT,Credit card,Auto loan,Male,Local,33.1,3961000,37,185,1
KZ2026002001,2019-08-17,Pavlodar,KZT,Personal loan,Consumer credit,Female,Local,17.2,3280000,37,0,0
KZ2026002002,2020-06-25,Atyrau,KZT,Credit card,Consumer credit,Female,Local,35.6,275000,38,0,0
KZ2026002003,2019-02-07,Shymkent,KZT,Personal loan,Consumer credit,Female,Local,26.9,1530000,18,0,0
KZ2026002004,2019-11-25,Karaganda,KZT,Personal loan,Auto loan,Male,Local,12.6,3135000,20,0,0
KZ2026002005,2019-10-13,Almaty,KZT,Personal loan,Consumer credit,Male,Local,3.8,2729000,33,0,0
KZ2026002006,2019-09-28,Turkistan,KZT,Personal loan,Consumer credit,Female,Local,20.8,658000,28,0,0
KZ2026002007,2021-04-22,East Kazakhstan,KZT,Personal loan,Consumer credit,Female,Local,9.7,1149000,34,0,0
KZ2026002008,2021-04-13,Almaty,KZT,Personal loan,Consumer credit,Female,Local,23.1,2137000,52,0,0
KZ2026002009,2021-03-03,Almaty,KZT,Credit card,Consumer credit,Female,Local,28.9,768000,36,0,0
KZ2026002010,2021-02-01,Kostanay,KZT,Personal loan,Consumer credit,Female,Local,17.8,597000,22,0,0
KZ2026002011,2021-02-27,Nur-Sultan,KZT,Credit card,Consumer credit,Female,Local,20.7,616000,28,0,0
KZ2026002012,2019-06-12,Akmola,KZT,Personal loan,Consumer credit,Male,Local,33.8,521000,56,257,1
KZ2026002013,2019-12-14,Almaty,KZT,Personal loan,Consumer credit,Female,Foreigner,23.2,193000,54,0,0
KZ2026002014,2019-02-20,Atyrau,KZT,Personal loan,Consumer credit,Female,Local,23.4,635000,44,0,0
KZ2026002015,2020-12-04,Almaty Region,KZT,Personal loan,Auto loan,Female,Local,18.0,5823000,20,0,0
KZ2026002016,2021-02-04,East Kazakhstan,KZT,Personal loan,Consumer credit,Male,Local,23.1,1188000,40,0,0
KZ2026002017,2019-01-26,Akmola,KZT,Personal loan,Consumer credit,Male,Local,26.0,762000,41,0,0
KZ2026002018,2019-05-30,Nur-Sultan,KZT,Personal loan,Consumer credit,Male,Local,32.5,1258000,37,0,0
KZ2026002019,2019-05-30,Karaganda,KZT,Personal loan,Consumer credit,Male,Local,32.6,1223000,31,0,0
KZ2026002020,2021-03-30,Almaty Region,KZT,Personal loan,Consumer credit,Female,Local,6.5,2036000,33,0,0
KZ2026002021,2020-11-28,Karaganda,KZT,Personal loan,Consumer credit,Female,Local,31.1,305000,30,0,0
KZ2026002022,2019-09-02,Nur-Sultan,KZT,Personal loan,Auto loan,Male,Local,19.1,3820000,24,0,0
KZ2026002023,2019-02-10,Nur-Sultan,KZT,Credit card,Auto loan,Female,Local,30.3,4230000,52,0,0
KZ2026002024,2019-12-30,Almaty,KZT,Personal loan,Consumer credit,Male,Local,38.7,376000,47,0,0
KZ2026002025,2020-05-31,Atyrau,KZT,Personal loan,Consumer credit,Female,Local,39.1,372000,34,0,0
KZ2026002026,2019-02-09,Almaty Region,KZT,Personal loan,Consumer credit,Male,Local,31.0,880000,41,0,0
KZ2026002027,2020-02-19,Pavlodar,KZT,Personal loan,Consumer credit,Female,Local,17.8,1209000,41,0,0
KZ2026002028,2020-04-19,Almaty Region,KZT,Personal loan,Consumer credit,Female,Local,12.0,1212000,63,0,0
KZ2026002029,2021-05-16,Zhambyl,KZT,Credit card,Consumer credit,Female,Local,37.6,231000,47,0,0
KZ2026002030,2019-06-16,West Kazakhstan,KZT,Personal loan,Auto loan,Female,Local,24.4,3057000,46,0,0
KZ2026002031,2019-06-11,Nur-Sultan,KZT,Personal loan,Consumer credit,Male,Local,4.6,858000,37,0,0
KZ2026002032,2020-01-16,East Kazakhstan,KZT,Personal loan,Consumer credit,Female,Local,32.3,1547000,32,0,0
KZ2026002033,2019-10-10,Aktobe,KZT,Personal loan,Auto loan,Male,Local,14.3,7003000,52,0,0
KZ2026002034,2021-03-22,Almaty Region,KZT,Personal loan,Consumer credit,Male,Local,7.4,182000,44,0,0
KZ2026002035,2020-11-25,Nur-Sultan,KZT,Personal loan,Consumer credit,Female,Local,26.7,2038000,28,0,0
KZ2026002036,2019-08-12,Mangystau,KZT,Credit card,Auto loan,Female,Local,37.4,3805000,42,0,0
KZ2026002037,2019-10-23,Shymkent,KZT,Personal loan,Consumer credit,Female,Local,19.3,1876000,46,328,1
KZ2026002038,2020-07-14,Nur-Sultan,KZT,Personal loan,Consumer credit,Male,Local,12.7,3287000,18,0,0
KZ2026002039,2021-02-08,West Kazakhstan,KZT,Personal loan,Consumer credit,Female,Local,38.4,632000,27,0,0
KZ2026002040,2019-06-28,Kyzylorda,KZT,Credit card,Consumer credit,Male,Local,25.6,711000,41,0,0
KZ2026002041,2019-09-19,Akmola,KZT,Personal loan,Auto loan,Female,Local,23.3,2275000,18,0,0
KZ2026002042,2020-06-22,Mangystau,KZT,Personal loan,Consumer credit,Female,Local,9.0,1337000,18,0,0
KZ2026002043,2021-01-29,Karaganda,KZT,Credit card,Consumer credit,Female,Local,34.8,292000,34,0,0
KZ2026002044,2019-09-13,Turkistan,KZT,Personal loan,Consumer credit,Female,Local,26.2,1248000,42,0,0
KZ2026002045,2020-02-17,Shymkent,KZT,Credit card,Consumer credit,Female,Local,38.7,167000,43,0,0
KZ2026002046,2020-08-24,Nur-Sultan,EUR,Personal loan,Consumer credit,Male,Foreigner,31.1,2270000,66,0,0
KZ2026002047,2020-01-11,Atyrau,KZT,Personal loan,Consumer credit,Female,Local,10.8,525000,38,0,0
KZ2026002048,2020-11-11,Zhambyl,KZT,Credit card,Consumer credit,Female,Local,20.3,403000,33,0,0
KZ2026002049,2020-03-30,Almaty,KZT,Personal loan,Consumer credit,Male,Local,0.0,2484000,23,0,0
KZ2026002050,2021-02-16,Aktobe,USD,Personal loan,Consumer credit,Male,Local,20.8,1573000,33,0,0
KZ2026002051,2020-06-20,Shymkent,KZT,Personal loan,Consumer credit,Male,Local,39.6,833000,45,0,0
KZ2026002052,2021-03-22,Nur-Sultan,KZT,Personal loan,Consumer credit,Female,Local,19.6,1087000,45,0,0
KZ2026002053,2021-01-29,Atyrau,KZT,Credit card,Consumer credit,Female,Local,34.2,166000,40,0,0
KZ2026002054,2019-08-02,Pavlodar,KZT,Personal loan,Consumer credit,Female,Local,31.1,1336000,43,0,0
KZ2026002055,2021-03-03,Aktobe,KZT,Credit card,Consumer credit,Male,Local,37.5,351000,51,0,0
KZ2026002056,2019-04-24,East Kazakhstan,KZT,Personal loan,Consumer credit,Male,Local,20.9,2060000,38,0,0
KZ2026002057,2019-09-07,Shymkent,KZT,Personal loan,Consumer credit,Female,Local,23.7,699000,52,324,1
KZ2026002058,2019-02-12,Atyrau,KZT,Personal loan,Consumer credit,Male,Local,22.0,672000,29,0,0
KZ2026002059,2019-04-03,Almaty,KZT,Personal loan,Auto loan,Male,Local,14.7,4925000,36,0,0
KZ2026002060,2020-09-28,Nur-Sultan,KZT,Credit card,Consumer credit,Male,Local,28.1,998000,32,0,0
KZ2026002061,2019-04-09,Shymkent,KZT,Personal loan,Consumer credit,Male,Foreigner,24.5,2048000,46,0,0
KZ2026002062,2019-06-15,Almaty,KZT,Personal loan,Consumer credit,Male,Local,11.7,5770000,26,0,0
KZ2026002063,2019-12-27,East Kazakhstan,KZT,Personal loan,Consumer credit,Female,Local,30.2,1924000,33,0,0
KZ2026002064,2020-12-07,Nur-Sultan,KZT,Personal loan,Consumer credit,Male,Local,27.1,1866000,18,0,0
KZ2026002065,2020-12-17,Almaty Region,KZT,Credit card,Consumer credit,Male,Local,46.1,583000,44,0,0
KZ2026002066,2021-05-01,Turkistan,KZT,Personal loan,Consumer credit,Female,Local,25.4,4251000,51,0,0
KZ2026002067,2019-02-18,East Kazakhstan,KZT,Personal loan,Consumer credit,Female,Local,18.4,3436000,47,0,0
KZ2026002068,2019-05-11,Shymkent,KZT,Personal loan,Consumer credit,Female,Local,17.5,477000,46,0,0
KZ2026002069,2019-12-19,Almaty,KZT,Personal loan,Consumer credit,Female,Local,22.8,2370000,46,0,0
KZ2026002070,2019-09-08,East Kazakhstan,KZT,Credit card,Consumer credit,Female,Local,35.7,427000,45,0,0
KZ2026002071,2019-03-27,North Kazakhstan,KZT,Personal loan,Auto loan,Female,Foreigner,16.3,3666000,44,0,0
KZ2026002072,2020-04-07,Atyrau,KZT,Personal loan,Consumer credit,Female,Local,16.8,266000,44,0,0
KZ2026002073,2020-02-18,Akmola,KZT,Personal loan,Consumer credit,Male,Local,23.5,324000,30,0,0
KZ2026002074,2020-01-16,North Kazakhstan,KZT,Personal loan,Consumer credit,Female,Local,29.5,880000,35,0,0
KZ2026002075,2019-01-20,Almaty Region,USD,Credit card,Auto loan,Male,Local,11.4,3252000,79,0,0
KZ2026002076,2020-01-12,Zhambyl,KZT,Personal loan,Consumer credit,Male,Local,24.4,2202000,33,0,0
KZ2026002077,2020-02-09,Shymkent,KZT,Personal loan,Consumer credit,Male,Local,18.9,732000,20,343,1
KZ2026002078,2019-07-11,Almaty,KZT,Personal loan,Consumer credit,Male,Local,17.4,1288000,23,140,1
KZ2026002079,2020-12-02,Akmola,KZT,Credit card,Consumer credit,Male,Local,25.9,157000,40,0,0
KZ2026002080,2021-02-24,Nur-Sultan,KZT,Credit card,Consumer credit,Female,Local,32.4,438000,47,0,0
KZ2026002081,2021-03-31,Almaty Region,KZT,Personal loan,Consumer credit,Male,Local,32.6,1848000,37,0,0
KZ2026002082,2020-08-24,Almaty,KZT,Personal loan,Consumer credit,Male,Local,34.1,358000,67,0,0
KZ2026002083,2020-08-19,Karaganda,KZT,Personal loan,Consumer credit,Male,Local,12.9,633000,27,0,0
KZ2026002084,2019-05-16,Almaty,KZT,Personal loan,Consumer credit,Male,Local,21.6,409000,42,0,0
KZ2026002085,2019-12-15,Karaganda,KZT,Personal loan,Consumer credit,Female,Local,2.7,1850000,51,0,0
KZ2026002086,2019-01-04,Almaty,KZT,Personal loan,Auto loan,Male,Local,16.7,4306000,49,0,0
KZ2026002087,2020-05-08,Aktobe,KZT,Credit card,Consumer credit,Male,Local,36.1,337000,44,0,0
KZ2026002088,2020-11-04,Aktobe,KZT,Personal loan,Consumer credit,Male,Local,36.9,1076000,49,0,0
KZ2026002089,2020-08-13,Kostanay,RUB,Personal loan,Consumer credit,Male,Local,6.3,2368000,38,357,1
KZ2026002090,2019-01-15,Atyrau,KZT,Personal loan,Consumer credit,Male,Local,13.1,787000,55,0,0
KZ2026002091,2020-05-06,Aktobe,KZT,Personal loan,Consumer credit,Male,Local,24.3,699000,51,0,0
KZ2026002092,2021-02-16,North Kazakhstan,KZT,Personal loan,Consumer credit,Female,Local,8.2,1141000,28,0,0
KZ2026002093,2019-04-01,West Kazakhstan,KZT,Personal loan,Consumer credit,Female,Local,24.3,1021000,41,0,0
KZ2026002094,2020-04-12,Almaty,KZT,Credit card,Consumer credit,Female,Local,35.5,1642000,20,0,0
KZ2026002095,2019-08-09,Turkistan,EUR,Personal loan,Consumer credit,Male,Local,3.8,1006000,54,0,0
KZ2026002096,2021-04-01,Aktobe,KZT,Credit card,Consumer credit,Male,Local,21.5,496000,39,0,0
KZ2026002097,2020-05-01,Nur-Sultan,KZT,Personal loan,Consumer credit,Female,Local,34.5,3946000,52,318,1
KZ2026002098,2020-11-12,East Kazakhstan,KZT,Personal loan,Consumer credit,Male,Local,24.9,602000,36,0,0
KZ2026002099,2020-04-08,Almaty,KZT,Personal loan,Consumer credit,Female,Local,16.4,3747000,18,0,0
KZ2026002100,2021-02-28,Almaty,KZT,Credit card,Consumer credit,Female,Local,21.5,313000,66,0,0
KZ2026002101,2019-09-11,Kyzylorda,KZT,Personal loan,Consumer credit,Male,Local,25.1,10059000,38,0,0
KZ2026002102,2020-10-18,Almaty,KZT,Personal loan,Consumer credit,Male,Local,34.8,1633000,26,191,1
KZ2026002103,2020-01-15,Pavlodar,KZT,Personal loan,Consumer credit,Female,Local,16.3,422000,50,0,0
KZ2026002104,2020-05-24,Shymkent,KZT,Personal loan,Consumer credit,Female,Foreigner,20.2,1015000,59,0,0
KZ2026002105,2020-08-28,West Kazakhstan,KZT,Personal loan,Consumer credit,Female,Local,36.1,3737000,35,0,0
KZ2026002106,2019-06-02,Kostanay,KZT,Personal loan,Consumer credit,Male,Local,5.5,1286000,36,0,0
KZ2026002107,2021-02-05,Kostanay,KZT,Personal loan,Consumer credit,Female,Local,34.3,1141000,40,0,0
KZ2026002108,2020-10-04,Shymkent,KZT,Credit card,Consumer credit,Male,Local,28.0,600000,25,0,0
KZ2026002109,2019-12-28,Aktobe,KZT,Personal loan,Consumer credit,Male,Local,22.2,895000,29,0,0
KZ2026002110,2020-06-07,Almaty,KZT,Personal loan,Consumer credit,Female,Local,19.7,1003000,57,0,0
KZ2026002111,2020-08-08,East Kazakhstan,KZT,Personal loan,Consumer credit,Female,Local,25.3,538000,36,0,0
KZ2026002112,2020-02-06,Zhambyl,KZT,Personal loan,Consumer credit,Male,Local,15.4,5216000,28,0,0
KZ2026002113,2020-07-14,Almaty,KZT,Credit card,Consumer credit,Male,Local,40.3,140000,32,0,0
KZ2026002114,2020-05-08,Karaganda,RUB,Personal loan,Consumer credit,Male,Local,32.3,2203000,49,245,1
KZ2026002115,2020-11-19,Nur-Sultan,KZT,Personal loan,Consumer credit,Male,Local,13.9,1186000,18,0,0
KZ2026002116,2019-07-25,Turkistan,KZT,Credit card,Consumer credit,Male,Local,37.2,137000,40,0,0
KZ2026002117,2019-01-04,Almaty,KZT,Personal loan,Consumer credit,Female,Local,19.9,513000,64,0,0
KZ2026002118,2019-12-24,Nur-Sultan,KZT,Personal loan,Consumer credit,Male,Local,22.9,1871000,59,115,1
KZ2026002119,2020-12-29,Nur-Sultan,KZT,Personal loan,Consumer credit,Female,Local,36.8,618000,43,327,1
KZ2026002120,2019-04-20,Almaty,KZT,Personal loan,Consumer credit,Male,Local,17.6,206000,51,0,0
KZ2026002121,2021-01-30,Akmola,KZT,Personal loan,Auto loan,Male,Local,21.5,4761000,51,0,0
KZ2026002122,2019-12-28,Nur-Sultan,KZT,Personal loan,Consumer credit,Male,Local,27.2,572000,36,0,0
KZ2026002123,2019-07-04,Akmola,KZT,Personal loan,Consumer credit,Male,Local,20.7,2052000,47,0,0
KZ2026002124,2020-02-17,Almaty,KZT,Personal loan,Consumer credit,Female,Foreigner,29.1,1011000,57,0,0
KZ2026002125,2020-12-17,Almaty Region,KZT,Credit card,Auto loan,Female,Local,20.9,3575000,23,0,0
KZ2026002126,2021-01-27,Almaty Region,KZT,Personal loan,Consumer credit,Female,Local,17.2,1254000,43,0,0
KZ2026002127,2020-06-25,Aktobe,KZT,Personal loan,Consumer credit,Male,Local,13.8,456000,41,0,0
KZ2026002128,2020-04-10,Aktobe,KZT,Personal loan,Consumer credit,Female,Local,20.6,595000,38,0,0
KZ2026002129,2020-12-13,Nur-Sultan,KZT,Personal loan,Consumer credit,Female,Local,34.9,962000,37,0,0
KZ2026002130,2021-03-13,Nur-Sultan,USD,Personal loan,Consumer credit,Male,Local,22.3,619000,40,0,0
KZ2026002131,2020-12-03,Almaty,KZT,Personal loan,Consumer credit,Female,Local,20.4,924000,40,0,0
KZ2026002132,2021-05-04,Kyzylorda,KZT,Credit card,Consumer credit,Female,Local,33.8,118000,49,0,0
KZ2026002133,2021-01-03,Shymkent,KZT,Personal loan,Consumer credit,Female,Local,29.6,746000,42,297,1
KZ2026002134,2019-02-13,Turkistan,KZT,Credit card,Auto loan,Female,Local,24.8,4186000,35,0,0
KZ2026002135,2019-01-18,East Kazakhstan,KZT,Personal loan,Consumer credit,Female,Local,11.8,821000,28,0,0
KZ2026002136,2020-06-11,Zhambyl,KZT,Personal loan,Auto loan,Male,Local,15.6,4788000,32,0,0
KZ2026002137,2021-04-25,Aktobe,KZT,Personal loan,Consumer credit,Female,Local,27.6,1955000,40,0,0
KZ2026002138,2019-09-22,Mangystau,KZT,Personal loan,Auto loan,Female,Local,16.9,11788000,29,0,0
KZ2026002139,2021-05-03,Kyzylorda,KZT,Personal loan,Consumer credit,Male,Local,14.2,3191000,47,0,0
KZ2026002140,2021-01-21,Pavlodar,KZT,Personal loan,Consumer credit,Female,Local,39.2,299000,42,0,0
KZ2026002141,2019-05-05,Turkistan,KZT,Personal loan,Consumer credit,Male,Local,22.0,883000,50,0,0
KZ2026002142,2020-03-12,Almaty Region,KZT,Personal loan,Consumer credit,Male,Local,24.6,957000,30,0,0
KZ2026002143,2019-07-15,Kyzylorda,KZT,Personal loan,Consumer credit,Female,Local,16.5,1956000,81,0,0
KZ2026002144,2019-03-10,Pavlodar,KZT,Personal loan,Consumer credit,Female,Local,33.1,543000,49,0,0
KZ2026002145,2020-09-02,Akmola,KZT,Personal loan,Consumer credit,Female,Local,28.1,764000,38,0,0
KZ2026002146,2019-07-09,Turkistan,KZT,Personal loan,Consumer credit,Female,Local,26.1,417000,35,0,0
KZ2026002147,2020-05-09,Nur-Sultan,KZT,Personal loan,Consumer credit,Male,Local,12.6,719000,45,0,0
KZ2026002148,2020-08-18,Shymkent,KZT,Personal loan,Consumer credit,Female,Local,32.8,742000,44,357,1
KZ2026002149,2020-01-17,Kyzylorda,KZT,Credit card,Consumer credit,Female,Local,37.5,277000,23,248,1
KZ2026002150,2019-03-12,Nur-Sultan,KZT,Personal loan,Consumer credit,Female,Local,32.4,438000,52,0,0
KZ2026002151,2019-03-03,Karaganda,KZT,Personal loan,Consumer credit,Male,Local,22.6,2765000,32,0,0
KZ2026002152,2019-12-01,Nur-Sultan,KZT,Personal loan,Consumer credit,Male,Local,21.8,1793000,56,0,0
KZ2026002153,2019-02-07,Kyzylorda,KZT,Personal loan,Consumer credit,Female,Local,21.7,350000,22,0,0
KZ2026002154,2021-02-08,Mangystau,KZT,Credit card,Consumer credit,Male,Local,49.6,357000,40,0,0
KZ2026002155,2019-05-27,West Kazakhstan,KZT,Personal loan,Consumer credit,Male,Foreigner,19.8,317000,35,0,0
KZ2026002156,2019-01-26,North Kazakhstan,KZT,Credit card,Consumer credit,Female,Local,27.8,958000,18,0,0
KZ2026002157,2019-05-04,Nur-Sultan,KZT,Credit card,Auto loan,Female,Local,25.4,8270000,44,0,0
KZ2026002158,2020-09-06,Akmola,KZT,Personal loan,Consumer credit,Female,Local,34.1,1144000,18,0,0
KZ2026002159,2020-06-03,Almaty Region,KZT,Personal loan,Consumer credit,Female,Local,10.9,581000,34,0,0
KZ2026002160,2020-08-19,Nur-Sultan,KZT,Personal loan,Consumer credit,Female,Local,17.9,682000,49,0,0
KZ2026002161,2019-11-03,Atyrau,EUR,Personal loan,Consumer credit,Male,Local,19.7,1012000,31,0,0
KZ2026002162,2019-10-11,Almaty,RUB,Personal loan,Consumer credit,Female,Local,28.4,4691000,27,0,0
KZ2026002163,2020-08-16,Almaty Region,KZT,Personal loan,Consumer credit,Female,Local,36.8,2739000,46,0,0
KZ2026002164,2019-04-10,Almaty Region,KZT,Personal loan,Auto loan,Female,Local,18.1,4319000,34,0,0
KZ2026002165,2019-12-15,Turkistan,KZT,Personal loan,Consumer credit,Male,Local,21.4,450000,96,0,0
KZ2026002166,2019-04-01,Akmola,KZT,Personal loan,Consumer credit,Male,Local,30.7,624000,51,0,0
KZ2026002167,2020-01-10,Turkistan,KZT,Personal loan,Consumer credit,Female,Local,10.4,1264000,24,0,0
KZ2026002168,2021-05-05,Almaty Region,KZT,Credit card,Consumer credit,Female,Local,18.1,142000,32,0,0
KZ2026002169,2021-01-20,Aktobe,KZT,Personal loan,Consumer credit,Female,Local,31.4,1554000,47,0,0
KZ2026002170,2020-08-20,East Kazakhstan,KZT,Personal loan,Consumer credit,Female,Local,24.2,2379000,23,0,0
KZ2026002171,2020-08-03,Almaty Region,KZT,Credit card,Consumer credit,Female,Local,38.8,527000,57,227,1
KZ2026002172,2019-11-29,Almaty,KZT,Personal loan,Consumer credit,Male,Local,14.8,1844000,35,0,0
KZ2026002173,2020-09-14,East Kazakhstan,KZT,Personal loan,Consumer credit,Female,Local,35.1,246000,47,0,0
KZ2026002174,2021-01-06,Almaty,KZT,Personal loan,Auto loan,Female,Local,19.8,7289000,47,315,1
KZ2026002175,2020-05-08,Aktobe,KZT,Personal loan,Consumer credit,Male,Local,23.1,317000,35,0,0
KZ2026002176,2019-04-02,Zhambyl,KZT,Credit card,Consumer credit,Male,Local,33.1,312000,32,0,0
KZ2026002177,2020-09-04,Almaty Region,KZT,Personal loan,Consumer credit,Female,Local,25.6,2030000,37,0,0
KZ2026002178,2019-04-23,Pavlodar,KZT,Personal loan,Consumer credit,Female,Local,14.8,1628000,45,0,0
KZ2026002179,2019-10-13,Almaty,KZT,Personal loan,Auto loan,Male,Local,14.1,2251000,26,0,0
KZ2026002180,2019-06-24,Shymkent,KZT,Personal loan,Consumer credit,Male,Local,26.2,472000,24,0,0
KZ2026002181,2019-02-14,Mangystau,KZT,Personal loan,Consumer credit,Male,Local,18.8,1532000,53,0,0
KZ2026002182,2020-11-05,Shymkent,KZT,Personal loan,Consumer credit,Female,Local,9.3,1853000,29,245,1
KZ2026002183,2020-07-23,Pavlodar,KZT,Personal loan,Consumer credit,Female,Local,25.8,468000,41,0,0
KZ2026002184,2019-12-28,Almaty,KZT,Personal loan,Consumer credit,Male,Local,30.1,1675000,35,0,0
KZ2026002185,2019-12-03,Zhambyl,KZT,Personal loan,Consumer credit,Female,Local,33.0,331000,35,0,0
KZ2026002186,2020-07-21,Almaty,KZT,Credit card,Consumer credit,Male,Local,35.4,559000,53,0,0
KZ2026002187,2020-04-14,Pavlodar,KZT,Personal loan,Auto loan,Male,Local,21.2,2687000,36,0,0
KZ2026002188,2019-07-25,West Kazakhstan,KZT,Personal loan,Consumer credit,Male,Foreigner,33.4,1285000,33,0,0
KZ2026002189,2020-02-29,Almaty,KZT,Personal loan,Consumer credit,Female,Local,3.7,1114000,34,0,0
KZ2026002190,2020-11-17,Turkistan,KZT,Personal loan,Consumer credit,Female,Local,32.6,3218000,31,310,1
KZ2026002191,2020-05-02,Almaty,KZT,Personal loan,Consumer credit,Male,Local,14.6,1474000,30,0,0
KZ2026002192,2020-12-08,Zhambyl,KZT,Credit card,Consumer credit,Female,Local,22.5,223000,32,0,0
KZ2026002193,2020-03-24,Kostanay,KZT,Personal loan,Consumer credit,Female,Local,12.6,1629000,55,0,0
KZ2026002194,2019-12-31,Nur-Sultan,KZT,Credit card,Consumer credit,Female,Local,50.4,1745000,45,0,0
KZ2026002195,2020-10-17,West Kazakhstan,KZT,Credit card,Consumer credit,Female,Local,34.6,610000,33,0,0
KZ2026002196,2019-07-04,Pavlodar,USD,Personal loan,Consumer credit,Female,Local,6.0,1839000,48,0,0
KZ2026002197,2020-07-07,Nur-Sultan,KZT,Personal loan,Consumer credit,Male,Local,23.0,711000,20,0,0
KZ2026002198,2020-07-10,East Kazakhstan,KZT,Personal loan,Consumer credit,Male,Local,27.3,2139000,52,109,1
KZ2026002199,2019-09-02,Almaty,KZT,Personal loan,Consumer credit,Female,Local,25.6,565000,51,0,0
KZ2026002200,2019-08-15,Karaganda,KZT,Personal loan,Consumer credit,Female,Local,14.3,1203000,62,0,0
KZ2026002201,2019-03-15,Almaty,KZT,Personal loan,Consumer credit,Female,Local,24.9,4073000,48,0,0
KZ2026002202,2019-05-11,Shymkent,KZT,Credit card,Consumer credit,Female,Local,26.4,392000,42,193,1
KZ2026002203,2019-03-26,Turkistan,KZT,Personal loan,Consumer credit,Female,Local,32.6,480000,51,0,0
KZ2026002204,2020-06-27,Almaty,KZT,Personal loan,Consumer credit,Female,Local,22.2,7641000,30,0,0
KZ2026002205,2019-04-18,Aktobe,KZT,Personal loan,Consumer credit,Female,Local,15.1,5368000,33,0,0
KZ2026002206,2020-03-28,West Kazakhstan,KZT,Personal loan,Consumer credit,Male,Local,28.7,1837000,36,0,0
KZ2026002207,2019-04-09,Kostanay,KZT,Personal loan,Consumer credit,Female,Local,25.6,3549000,52,0,0
KZ2026002208,2020-11-22,Atyrau,KZT,Personal loan,Consumer credit,Female,Local,18.5,956000,28,0,0
KZ2026002209,2020-08-21,Almaty,KZT,Personal loan,Consumer credit,Male,Local,29.0,2221000,26,0,0
KZ2026002210,2019-09-16,Nur-Sultan,KZT,Credit card,Consumer credit,Male,Local,36.5,255000,40,0,0
KZ2026002211,2020-10-11,Shymkent,KZT,Personal loan,Consumer credit,Female,Local,34.1,379000,45,0,0
KZ2026002212,2019-07-18,Atyrau,KZT,Credit card,Consumer credit,Female,Local,36.0,2445000,29,283,1
KZ2026002213,2020-07-14,North Kazakhstan,USD,Personal loan,Consumer credit,Male,Local,17.8,580000,44,0,0
KZ2026002214,2020-07-19,East Kazakhstan,KZT,Personal loan,Consumer credit,Male,Local,24.3,1530000,52,0,0
KZ2026002215,2020-01-21,Turkistan,KZT,Personal loan,Consumer credit,Male,Local,25.6,1861000,50,0,0
KZ2026002216,2020-09-11,Nur-Sultan,KZT,Personal loan,Consumer credit,Male,Local,23.2,1112000,41,0,0
KZ2026002217,2021-04-16,Nur-Sultan,KZT,Credit card,Consumer credit,Female,Local,7.3,330000,36,0,0
KZ2026002218,2019-12-31,Turkistan,KZT,Personal loan,Consumer credit,Female,Local,28.8,1350000,56,0,0
KZ2026002219,2019-09-08,Shymkent,KZT,Personal loan,Consumer credit,Female,Local,14.3,1804000,37,0,0
KZ2026002220,2020-01-26,Aktobe,KZT,Personal loan,Consumer credit,Male,Local,28.9,1198000,47,206,1
KZ2026002221,2020-05-16,Aktobe,KZT,Personal loan,Consumer credit,Male,Local,38.0,1132000,59,0,0
KZ2026002222,2019-04-20,Atyrau,KZT,Personal loan,Consumer credit,Male,Local,21.0,390000,46,0,0
KZ2026002223,2021-04-27,Almaty Region,KZT,Personal loan,Consumer credit,Female,Local,25.8,6646000,26,0,0
KZ2026002224,2020-02-19,Almaty,KZT,Credit card,Consumer credit,Female,Local,31.4,523000,23,0,0
KZ2026002225,2021-05-01,Turkistan,KZT,Personal loan,Consumer credit,Male,Local,27.3,1433000,34,0,0
KZ2026002226,2021-04-28,Almaty,KZT,Personal loan,Consumer credit,Female,Local,23.9,706000,45,0,0
KZ2026002227,2019-02-26,Kostanay,KZT,Personal loan,Consumer credit,Male,Local,18.5,511000,42,0,0
KZ2026002228,2019-04-11,Nur-Sultan,KZT,Personal loan,Consumer credit,Male,Local,14.2,2493000,61,0,0
KZ2026002229,2019-06-10,Nur-Sultan,KZT,Credit card,Consumer credit,Female,Local,44.1,310000,42,0,0
KZ2026002230,2020-05-16,Karaganda,KZT,Personal loan,Consumer credit,Male,Local,26.4,2034000,33,0,0
KZ2026002231,2019-11-09,Aktobe,KZT,Personal loan,Consumer credit,Female,Local,30.8,380000,25,349,1
KZ2026002232,2019-01-17,Karaganda,KZT,Personal loan,Auto loan,Male,Local,18.1,8024000,50,0,0
KZ2026002233,2020-05-13,Nur-Sultan,KZT,Credit card,Consumer credit,Female,Local,38.8,688000,37,0,0
KZ2026002234,2019-10-15,Shymkent,KZT,Personal loan,Consumer credit,Male,Local,14.7,1120000,20,0,0
KZ2026002235,2021-01-14,Kyzylorda,KZT,Credit card,Consumer credit,Male,Local,31.8,497000,37,0,0
KZ2026002236,2020-11-03,Turkistan,KZT,Personal loan,Consumer credit,Male,Local,26.9,2253000,26,0,0
KZ2026002237,2021-01-15,Almaty,KZT,Credit card,Consumer credit,Female,Local,42.2,128000,32,0,0
KZ2026002238,2020-05-15,Aktobe,KZT,Personal loan,Consumer credit,Female,Local,46.0,4995000,37,0,0
KZ2026002239,2020-09-06,Almaty Region,KZT,Personal loan,Consumer credit,Female,Local,26.2,1810000,27,0,0
KZ2026002240,2019-03-13,Zhambyl,KZT,Personal loan,Consumer credit,Male,Local,17.1,660000,32,0,0
KZ2026002241,2020-11-01,Akmola,KZT,Personal loan,Consumer credit,Male,Local,12.4,472000,29,0,0
KZ2026002242,2020-02-03,Nur-Sultan,KZT,Credit card,Consumer credit,Male,Local,23.7,734000,29,0,0
KZ2026002243,2019-01-04,Almaty Region,KZT,Credit card,Consumer credit,Female,Local,25.1,410000,26,0,0
KZ2026002244,2019-03-11,Almaty,KZT,Personal loan,Consumer credit,Male,Local,0.0,1809000,32,0,0
KZ2026002245,2019-09-30,Almaty Region,KZT,Credit card,Consumer credit,Male,Local,25.9,357000,27,0,0
KZ2026002246,2019-11-26,Almaty,KZT,Personal loan,Consumer credit,Female,Local,29.6,512000,43,0,0
KZ2026002247,2019-07-04,Almaty,KZT,Personal loan,Consumer credit,Female,Local,23.2,1849000,39,0,0
KZ2026002248,2020-11-09,Karaganda,KZT,Personal loan,Consumer credit,Male,Local,20.5,1015000,50,0,0
KZ2026002249,2020-01-30,Almaty Region,KZT,Personal loan,Consumer credit,Male,Local,8.1,1178000,58,0,0
KZ2026002250,2019-08-17,Aktobe,KZT,Personal loan,Consumer credit,Male,Local,31.1,9050000,44,127,1
KZ2026002251,2020-08-17,Zhambyl,KZT,Personal loan,Consumer credit,Female,Local,26.9,2512000,42,0,0
KZ2026002252,2020-02-05,Mangystau,KZT,Personal loan,Consumer credit,Male,Local,22.2,2638000,45,0,0
KZ2026002253,2020-11-18,Almaty Region,KZT,Personal loan,Consumer credit,Female,Foreigner,5.4,12119000,42,0,0
KZ2026002254,2020-03-17,West Kazakhstan,KZT,Credit card,Consumer credit,Male,Local,34.7,467000,38,0,0
KZ2026002255,2020-10-23,Shymkent,KZT,Personal loan,Consumer credit,Female,Local,22.4,1329000,37,0,0
KZ2026002256,2021-01-23,East Kazakhstan,KZT,Personal loan,Consumer credit,Female,Local,24.7,674000,26,0,0
KZ2026002257,2019-03-12,Turkistan,KZT,Personal loan,Consumer credit,Male,Local,29.1,817000,46,0,0
KZ2026002258,2019-04-18,Mangystau,KZT,Personal loan,Consumer credit,Male,Local,25.0,211000,37,336,1
KZ2026002259,2020-10-07,Nur-Sultan,KZT,Personal loan,Consumer credit,Male,Local,28.2,2349000,53,0,0
KZ2026002260,2020-05-01,Almaty Region,KZT,Personal loan,Consumer credit,Female,Local,15.7,409000,96,0,0
KZ2026002261,2019-08-01,Kostanay,KZT,Personal loan,Consumer credit,Female,Local,11.3,2585000,30,0,0
KZ2026002262,2019-01-28,Shymkent,KZT,Personal loan,Consumer credit,Female,Local,27.0,1157000,51,0,0
KZ2026002263,2021-04-23,Atyrau,KZT,Credit card,Consumer credit,Male,Local,36.8,385000,18,0,0
KZ2026002264,2019-03-24,Nur-Sultan,KZT,Credit card,Consumer credit,Male,Local,35.5,339000,58,0,0
KZ2026002265,2020-02-13,Zhambyl,KZT,Personal loan,Consumer credit,Female,Local,23.3,3898000,22,0,0
KZ2026002266,2019-07-14,Almaty,KZT,Credit card,Consumer credit,Female,Local,28.3,867000,42,0,0
KZ2026002267,2019-12-16,Kyzylorda,KZT,Credit card,Consumer credit,Female,Local,33.0,342000,42,0,0
KZ2026002268,2020-09-27,East Kazakhstan,KZT,Personal loan,Consumer credit,Female,Local,26.5,559000,49,0,0
KZ2026002269,2020-03-25,Kostanay,KZT,Personal loan,Consumer credit,Female,Local,26.2,2632000,73,0,0
KZ2026002270,2019-02-06,North Kazakhstan,KZT,Personal loan,Consumer credit,Female,Local,46.6,524000,18,0,0
KZ2026002271,2019-03-19,Karaganda,RUB,Personal loan,Consumer credit,Female,Local,14.9,452000,33,0,0
KZ2026002272,2021-04-14,Karaganda,KZT,Personal loan,Consumer credit,Female,Local,51.2,3381000,35,0,0
KZ2026002273,2019-08-11,Kyzylorda,KZT,Credit card,Auto loan,Female,Local,20.1,3333000,18,0,0
KZ2026002274,2020-01-13,Pavlodar,KZT,Personal loan,Consumer credit,Female,Local,26.0,1692000,37,0,0
KZ2026002275,2020-11-24,North Kazakhstan,KZT,Personal loan,Consumer credit,Male,Local,12.1,843000,25,0,0
KZ2026002276,2021-01-10,Nur-Sultan,KZT,Personal loan,Consumer credit,Female,Local,25.1,2217000,44,0,0
KZ2026002277,2019-09-08,Zhambyl,KZT,Personal loan,Consumer credit,Female,Local,31.1,3044000,34,0,0
KZ2026002278,2019-07-15,Almaty,KZT,Personal loan,Consumer credit,Male,Local,23.1,960000,59,0,0
KZ2026002279,2020-01-22,North Kazakhstan,KZT,Credit card,Consumer credit,Female,Local,39.5,162000,34,245,1
KZ2026002280,2019-10-26,Karaganda,KZT,Personal loan,Consumer credit,Male,Local,19.5,348000,42,0,0
KZ2026002281,2020-09-11,Almaty Region,RUB,Personal loan,Consumer credit,Male,Local,3.6,4648000,35,0,0
KZ2026002282,2020-10-03,Almaty,KZT,Personal loan,Consumer credit,Male,Local,28.2,1646000,19,0,0
KZ2026002283,2019-08-18,Aktobe,USD,Personal loan,Consumer credit,Female,Foreigner,17.2,3113000,83,0,0
KZ2026002284,2019-12-01,Kostanay,KZT,Personal loan,Consumer credit,Female,Local,26.4,1042000,45,170,1
KZ2026002285,2020-10-07,Almaty,KZT,Personal loan,Consumer credit,Female,Local,14.9,2805000,44,293,1
KZ2026002286,2020-03-24,Nur-Sultan,KZT,Personal loan,Consumer credit,Male,Local,26.4,604000,34,0,0
KZ2026002287,2020-05-01,Turkistan,KZT,Personal loan,Auto loan,Female,Local,23.4,2656000,21,0,0
KZ2026002288,2020-12-15,Kyzylorda,KZT,Credit card,Auto loan,Male,Local,46.6,3600000,44,0,0
KZ2026002289,2020-07-29,Almaty,KZT,Personal loan,Consumer credit,Male,Local,34.8,3556000,42,0,0
KZ2026002290,2020-07-28,Akmola,KZT,Personal loan,Consumer credit,Male,Local,23.4,4718000,46,0,0
KZ2026002291,2020-03-01,Shymkent,KZT,Personal loan,Consumer credit,Female,Local,25.1,1103000,34,0,0
KZ2026002292,2021-01-08,Kostanay,KZT,Credit card,Consumer credit,Male,Local,28.4,205000,18,0,0
KZ2026002293,2019-01-21,Karaganda,KZT,Personal loan,Consumer credit,Female,Foreigner,21.5,2965000,43,0,0
KZ2026002294,2019-03-18,Akmola,KZT,Personal loan,Consumer credit,Female,Local,20.7,290000,37,0,0
KZ2026002295,2020-08-20,Akmola,KZT,Personal loan,Consumer credit,Male,Local,25.9,1481000,52,0,0
KZ2026002296,2020-06-20,Nur-Sultan,KZT,Personal loan,Consumer credit,Female,Local,14.1,1156000,37,0,0
KZ2026002297,2019-09-05,Kostanay,EUR,Personal loan,Consumer credit,Male,Local,29.7,5880000,36,0,0
KZ2026002298,2020-06-14,Nur-Sultan,KZT,Personal loan,Consumer credit,Male,Local,32.9,539000,42,0,0
KZ2026002299,2019-04-05,Nur-Sultan,KZT,Personal loan,Consumer credit,Male,Local,16.3,1384000,30,0,0
KZ2026002300,2020-06-20,Kostanay,KZT,Personal loan,Consumer credit,Female,Local,16.1,739000,30,99,1
KZ2026002301,2019-11-15,Shymkent,KZT,Personal loan,Consumer credit,Female,Local,34.8,935000,36,0,0
KZ2026002302,2020-06-03,Kyzylorda,KZT,Personal loan,Auto loan,Female,Local,12.2,5281000,27,0,0
KZ2026002303,2019-10-28,Atyrau,KZT,Personal loan,Auto loan,Female,Local,6.7,3440000,34,0,0
KZ2026002304,2020-10-01,East Kazakhstan,KZT,Personal loan,Consumer credit,Male,Local,13.3,1415000,58,0,0
KZ2026002305,2019-04-09,Almaty Region,KZT,Personal loan,Consumer credit,Female,Local,30.0,2707000,48,0,0
KZ2026002306,2021-01-15,Aktobe,KZT,Personal loan,Consumer credit,Male,Local,28.9,4350000,40,0,0
KZ2026002307,2020-03-12,East Kazakhstan,EUR,Personal loan,Consumer credit,Male,Local,9.0,2169000,54,0,0
KZ2026002308,2019-07-22,Almaty Region,KZT,Personal loan,Consumer credit,Female,Local,29.3,468000,28,0,0
KZ2026002309,2021-04-29,West Kazakhstan,KZT,Personal loan,Consumer credit,Male,Local,33.8,4619000,64,0,0
KZ2026002310,2019-04-03,Turkistan,KZT,Credit card,Consumer credit,Male,Local,30.6,508000,32,0,0
KZ2026002311,2020-04-19,Shymkent,KZT,Credit card,Consumer credit,Male,Local,35.7,388000,59,309,1
KZ2026002312,2019-03-07,Nur-Sultan,KZT,Personal loan,Consumer credit,Male,Local,30.5,1290000,59,0,0
KZ2026002313,2021-03-05,Almaty Region,KZT,Personal loan,Consumer credit,Female,Local,41.9,1630000,18,0,0
KZ2026002314,2019-05-20,Almaty,KZT,Personal loan,Consumer credit,Male,Local,12.0,2313000,53,0,0
KZ2026002315,2019-08-11,Aktobe,KZT,Personal loan,Consumer credit,Female,Local,16.3,2569000,34,0,0
KZ2026002316,2020-08-02,Akmola,KZT,Personal loan,Consumer credit,Male,Local,17.4,4719000,31,0,0
KZ2026002317,2021-02-20,Almaty,KZT,Credit card,Consumer credit,Female,Local,37.9,420000,43,0,0
KZ2026002318,2020-01-03,Kyzylorda,KZT,Credit card,Consumer credit,Female,Local,28.6,1305000,26,266,1
KZ2026002319,2019-08-18,East Kazakhstan,KZT,Personal loan,Consumer credit,Female,Local,25.0,2949000,43,0,0
KZ2026002320,2019-11-05,Turkistan,KZT,Personal loan,Consumer credit,Female,Local,23.8,1140000,27,0,0
KZ2026002321,2021-03-21,Nur-Sultan,KZT,Personal loan,Consumer credit,Female,Local,23.5,291000,39,0,0
KZ2026002322,2021-03-14,Nur-Sultan,KZT,Personal loan,Consumer credit,Female,Local,23.6,1291000,52,0,0
KZ2026002323,2019-04-19,Almaty Region,KZT,Personal loan,Consumer credit,Female,Foreigner,33.3,4513000,41,0,0
KZ2026002324,2021-03-05,Nur-Sultan,KZT,Credit card,Consumer credit,Male,Local,30.5,196000,33,0,0
KZ2026002325,2021-01-12,Almaty,KZT,Credit card,Consumer credit,Male,Local,21.6,372000,43,0,0
KZ2026002326,2020-04-20,Shymkent,KZT,Personal loan,Consumer credit,Female,Local,24.7,1381000,22,0,0
KZ2026002327,2019-08-14,Almaty,KZT,Personal loan,Consumer credit,Male,Local,20.5,2673000,28,215,1
KZ2026002328,2020-02-09,Almaty,KZT,Personal loan,Consumer credit,Male,Local,32.5,863000,32,0,0
KZ2026002329,2020-11-15,West Kazakhstan,KZT,Personal loan,Consumer credit,Female,Local,23.0,573000,46,0,0
KZ2026002330,2019-08-27,East Kazakhstan,KZT,Personal loan,Auto loan,Male,Local,13.3,5170000,41,331,1
KZ2026002331,2019-10-31,West Kazakhstan,KZT,Personal loan,Consumer credit,Male,Local,20.8,638000,43,0,0
KZ2026002332,2020-02-11,Almaty Region,KZT,Personal loan,Auto loan,Female,Local,26.8,1751000,37,0,0
KZ2026002333,2019-03-01,Pavlodar,KZT,Personal loan,Consumer credit,Male,Local,7.8,5735000,28,288,1
KZ2026002334,2019-12-29,Almaty,KZT,Personal loan,Consumer credit,Male,Local,16.6,2639000,53,0,0
KZ2026002335,2019-04-29,Almaty Region,KZT,Personal loan,Consumer credit,Male,Local,22.2,5949000,29,0,0
KZ2026002336,2019-01-07,Kostanay,KZT,Personal loan,Consumer credit,Male,Local,16.6,2522000,42,0,0
KZ2026002337,2019-12-08,North Kazakhstan,KZT,Credit card,Consumer credit,Male,Local,35.0,583000,36,0,0
KZ2026002338,2020-10-31,Almaty Region,KZT,Personal loan,Consumer credit,Female,Local,22.0,1643000,43,248,1
KZ2026002339,2021-05-17,Zhambyl,KZT,Personal loan,Consumer credit,Male,Local,25.1,1024000,30,0,0
KZ2026002340,2020-01-23,Nur-Sultan,KZT,Personal loan,Consumer credit,Male,Local,23.5,1854000,49,0,0
KZ2026002341,2020-10-27,Almaty,KZT,Personal loan,Consumer credit,Female,Local,22.0,750000,52,0,0
KZ2026002342,2019-07-16,Nur-Sultan,KZT,Personal loan,Consumer credit,Male,Local,11.6,484000,48,0,0
KZ2026002343,2020-07-16,Kostanay,KZT,Personal loan,Consumer credit,Male,Local,24.4,905000,39,0,0
KZ2026002344,2020-08-11,Akmola,KZT,Personal loan,Consumer credit,Male,Local,6.3,3597000,32,0,0
KZ2026002345,2019-10-21,Kostanay,KZT,Credit card,Consumer credit,Male,Local,26.5,139000,68,119,1
KZ2026002346,2020-01-31,Nur-Sultan,KZT,Personal loan,Consumer credit,Male,Local,27.6,427000,26,0,0
KZ2026002347,2020-08-14,North Kazakhstan,KZT,Personal loan,Consumer credit,Male,Local,33.2,1984000,47,0,0
KZ2026002348,2019-10-05,Pavlodar,KZT,Personal loan,Consumer credit,Female,Local,44.0,843000,41,0,0
KZ2026002349,2020-06-17,Nur-Sultan,KZT,Personal loan,Consumer credit,Female,Local,18.6,1813000,36,0,0
KZ2026002350,2019-07-23,Nur-Sultan,KZT,Personal loan,Auto loan,Female,Local,10.7,6245000,39,0,0
KZ2026002351,2020-04-17,Nur-Sultan,KZT,Credit card,Consumer credit,Male,Local,35.3,495000,31,155,1
KZ2026002352,2019-02-22,North Kazakhstan,KZT,Credit card,Consumer credit,Female,Local,46.6,218000,42,0,0
KZ2026002353,2020-01-30,Almaty,KZT,Personal loan,Consumer credit,Female,Local,35.9,3571000,40,0,0
KZ2026002354,2020-03-20,Zhambyl,KZT,Personal loan,Consumer credit,Male,Local,13.1,2255000,66,0,0
KZ2026002355,2020-12-31,Almaty Region,KZT,Personal loan,Consumer credit,Female,Local,21.4,1228000,49,0,0
KZ2026002356,2019-11-28,Mangystau,KZT,Personal loan,Consumer credit,Female,Foreigner,34.2,1178000,43,0,0
KZ2026002357,2019-01-06,East Kazakhstan,KZT,Personal loan,Consumer credit,Male,Local,27.9,1649000,43,0,0
KZ2026002358,2019-02-05,East Kazakhstan,KZT,Personal loan,Auto loan,Female,Local,13.5,3476000,57,0,0
KZ2026002359,2020-04-21,Shymkent,KZT,Credit card,Consumer credit,Male,Local,36.6,103000,26,262,1
KZ2026002360,2020-12-18,Almaty,KZT,Personal loan,Consumer credit,Male,Local,30.7,2270000,35,0,0
KZ2026002361,2021-02-25,Pavlodar,KZT,Personal loan,Consumer credit,Male,Local,14.0,2159000,18,0,0
KZ2026002362,2020-12-14,Nur-Sultan,KZT,Credit card,Consumer credit,Male,Local,42.6,62000,43,321,1
KZ2026002363,2019-10-28,East Kazakhstan,KZT,Personal loan,Consumer credit,Female,Local,31.4,1852000,46,0,0
KZ2026002364,2020-03-08,Turkistan,KZT,Personal loan,Consumer credit,Female,Local,15.2,5341000,26,197,1
KZ2026002365,2021-02-23,Karaganda,KZT,Personal loan,Consumer credit,Male,Local,31.5,460000,53,0,0
KZ2026002366,2021-01-10,Karaganda,RUB,Credit card,Auto loan,Female,Local,36.4,6223000,29,0,0
KZ2026002367,2020-02-05,Almaty,KZT,Personal loan,Consumer credit,Female,Local,29.6,4922000,33,229,1
KZ2026002368,2020-02-29,Almaty Region,KZT,Personal loan,Consumer credit,Female,Local,36.4,3112000,38,0,0
KZ2026002369,2019-03-03,Almaty Region,KZT,Personal loan,Consumer credit,Female,Local,23.0,569000,55,0,0
KZ2026002370,2019-05-30,East Kazakhstan,KZT,Personal loan,Consumer credit,Female,Local,25.5,1605000,28,0,0
KZ2026002371,2020-04-12,Atyrau,KZT,Personal loan,Consumer credit,Female,Local,0.0,8496000,40,0,0
KZ2026002372,2020-04-02,Aktobe,EUR,Personal loan,Consumer credit,Male,Local,26.3,927000,46,0,0
KZ2026002373,2020-05-22,Akmola,KZT,Personal loan,Consumer credit,Female,Local,34.7,1857000,43,102,1
KZ2026002374,2019-10-03,Almaty,KZT,Personal loan,Auto loan,Male,Local,10.6,3040000,44,0,0
KZ2026002375,2019-07-20,Almaty Region,KZT,Personal loan,Consumer credit,Male,Local,30.6,5371000,45,0,0
KZ2026002376,2020-02-04,Almaty,KZT,Personal loan,Consumer credit,Male,Local,32.1,803000,31,317,1
KZ2026002377,2021-02-14,North Kazakhstan,KZT,Personal loan,Consumer credit,Male,Local,17.5,368000,56,0,0
KZ2026002378,2021-05-07,West Kazakhstan,KZT,Credit card,Consumer credit,Female,Local,40.0,236000,36,0,0
KZ2026002379,2019-02-16,Almaty,KZT,Personal loan,Consumer credit,Female,Local,26.6,2090000,34,0,0
KZ2026002380,2019-11-10,Kostanay,KZT,Personal loan,Consumer credit,Male,Local,7.8,609000,52,0,0
KZ2026002381,2020-04-05,North Kazakhstan,KZT,Personal loan,Consumer credit,Female,Local,27.8,1551000,30,0,0
KZ2026002382,2019-07-10,Almaty,KZT,Personal loan,Consumer credit,Male,Local,15.6,1936000,41,0,0
KZ2026002383,2019-11-08,Almaty,KZT,Personal loan,Consumer credit,Female,Local,8.2,429000,29,0,0
KZ2026002384,2019-04-24,Nur-Sultan,KZT,Personal loan,Consumer credit,Male,Local,26.3,743000,65,0,0
KZ2026002385,2020-02-14,Nur-Sultan,KZT,Personal loan,Consumer credit,Male,Local,22.0,1614000,79,0,0
KZ2026002386,2021-02-19,Kyzylorda,KZT,Personal loan,Consumer credit,Female,Local,35.0,2180000,36,0,0
KZ2026002387,2021-03-30,Shymkent,KZT,Credit card,Consumer credit,Female,Local,33.0,234000,43,0,0
KZ2026002388,2019-01-14,Nur-Sultan,KZT,Personal loan,Consumer credit,Male,Local,29.6,1365000,37,0,0
KZ2026002389,2020-07-16,Kyzylorda,KZT,Personal loan,Consumer credit,Male,Local,27.4,943000,33,0,0
KZ2026002390,2021-03-12,Nur-Sultan,KZT,Personal loan,Consumer credit,Male,Foreigner,35.4,2228000,38,0,0
KZ2026002391,2020-11-09,West Kazakhstan,KZT,Personal loan,Consumer credit,Female,Local,24.3,1866000,37,0,0
KZ2026002392,2019-02-24,Kyzylorda,KZT,Personal loan,Consumer credit,Male,Local,21.6,874000,20,0,0
KZ2026002393,2019-12-11,Aktobe,USD,Personal loan,Consumer credit,Male,Local,23.4,2683000,40,0,0
KZ2026002394,2020-10-26,Nur-Sultan,KZT,Personal loan,Consumer credit,Female,Local,17.0,1770000,37,0,0
KZ2026002395,2021-05-15,West Kazakhstan,KZT,Personal loan,Consumer credit,Female,Local,19.5,1791000,40,0,0
KZ2026002396,2019-09-17,Shymkent,KZT,Personal loan,Consumer credit,Male,Local,36.5,9004000,36,0,0
KZ2026002397,2019-09-07,Almaty,KZT,Personal loan,Consumer credit,Female,Local,7.6,902000,33,0,0
KZ2026002398,2019-08-09,Almaty,KZT,Personal loan,Consumer credit,Male,Local,29.2,1064000,47,0,0
KZ2026002399,2021-03-01,Almaty,KZT,Credit card,Consumer credit,Male,Local,41.5,215000,68,0,0
KZ2026002400,2019-06-08,Zhambyl,KZT,Personal loan,Auto loan,Female,Local,19.8,2513000,52,0,0
KZ2026002401,2019-11-20,West Kazakhstan,KZT,Personal loan,Consumer credit,Male,Local,40.6,814000,42,0,0
KZ2026002402,2019-04-29,Mangystau,KZT,Personal loan,Consumer credit,Male,Local,30.9,2112000,35,0,0
KZ2026002403,2021-04-09,Kyzylorda,KZT,Personal loan,Consumer credit,Female,Local,25.8,2246000,44,0,0
KZ2026002404,2019-02-28,Turkistan,KZT,Credit card,Consumer credit,Female,Local,27.5,437000,18,0,0
KZ2026002405,2020-03-23,Pavlodar,KZT,Credit card,Consumer credit,Female,Local,34.7,280000,60,0,0
KZ2026002406,2019-05-17,Almaty,KZT,Credit card,Consumer credit,Female,Local,37.0,242000,40,0,0
KZ2026002407,2019-12-26,Zhambyl,KZT,Personal loan,Consumer credit,Male,Local,23.1,550000,61,0,0
KZ2026002408,2020-06-03,Akmola,KZT,Personal loan,Consumer credit,Female,Local,16.3,747000,27,0,0
KZ2026002409,2020-09-08,Aktobe,KZT,Credit card,Consumer credit,Male,Local,22.2,133000,25,0,0
KZ2026002410,2020-05-18,Turkistan,KZT,Personal loan,Consumer credit,Female,Local,23.8,3806000,41,0,0
KZ2026002411,2020-01-13,Karaganda,KZT,Personal loan,Consumer credit,Male,Local,8.6,5720000,41,0,0
KZ2026002412,2019-09-06,Shymkent,KZT,Personal loan,Consumer credit,Male,Local,19.3,232000,41,0,0
KZ2026002413,2020-12-09,Almaty Region,KZT,Personal loan,Consumer credit,Male,Local,0.7,1534000,39,0,0
KZ2026002414,2020-08-23,Zhambyl,KZT,Personal loan,Consumer credit,Female,Local,30.1,1513000,30,0,0
KZ2026002415,2020-08-16,East Kazakhstan,KZT,Personal loan,Auto loan,Male,Local,23.0,4394000,21,0,0
KZ2026002416,2020-11-10,Nur-Sultan,KZT,Credit card,Consumer credit,Female,Local,32.2,224000,40,0,0
KZ2026002417,2019-07-14,Almaty,KZT,Credit card,Consumer credit,Female,Local,45.6,754000,23,0,0
KZ2026002418,2021-05-15,Zhambyl,RUB,Credit card,Consumer credit,Female,Local,41.7,761000,22,280,1
KZ2026002419,2021-03-22,Nur-Sultan,KZT,Personal loan,Consumer credit,Male,Local,27.3,641000,33,0,0
KZ2026002420,2020-01-24,Turkistan,KZT,Personal loan,Auto loan,Male,Local,15.7,2147000,42,0,0
KZ2026002421,2019-06-30,Almaty,KZT,Personal loan,Consumer credit,Female,Local,19.4,1737000,59,0,0
KZ2026002422,2019-11-27,Almaty,KZT,Credit card,Consumer credit,Female,Local,36.2,170000,48,0,0
KZ2026002423,2019-12-10,Kyzylorda,KZT,Personal loan,Consumer credit,Male,Local,21.0,2941000,53,0,0
KZ2026002424,2021-05-09,Nur-Sultan,KZT,Credit card,Consumer credit,Female,Local,36.4,71000,44,0,0
KZ2026002425,2019-09-12,Turkistan,KZT,Personal loan,Consumer credit,Male,Local,28.5,806000,41,0,0
KZ2026002426,2021-04-11,Kostanay,KZT,Personal loan,Consumer credit,Male,Local,20.9,711000,65,0,0
KZ2026002427,2019-07-24,Nur-Sultan,RUB,Personal loan,Consumer credit,Male,Local,32.4,1512000,22,0,0
KZ2026002428,2021-03-29,Kostanay,KZT,Personal loan,Consumer credit,Male,Local,20.5,1681000,32,0,0
KZ2026002429,2021-04-01,Karaganda,KZT,Credit card,Consumer credit,Male,Local,31.3,566000,33,349,1
KZ2026002430,2020-06-21,Kyzylorda,KZT,Personal loan,Consumer credit,Female,Local,13.6,2280000,47,0,0
KZ2026002431,2019-04-06,Pavlodar,KZT,Personal loan,Consumer credit,Male,Local,20.3,1037000,26,0,0
KZ2026002432,2020-06-29,Kostanay,KZT,Personal loan,Consumer credit,Female,Local,41.2,7205000,45,127,1
KZ2026002433,2021-03-15,West Kazakhstan,KZT,Credit card,Consumer credit,Female,Local,23.6,991000,43,0,0
KZ2026002434,2021-03-30,Aktobe,KZT,Personal loan,Consumer credit,Female,Local,26.8,920000,85,0,0
KZ2026002435,2020-02-08,Kostanay,KZT,Personal loan,Consumer credit,Male,Local,18.7,1068000,46,0,0
KZ2026002436,2020-02-28,Shymkent,KZT,Personal loan,Consumer credit,Female,Local,2.9,904000,54,0,0
KZ2026002437,2019-12-06,West Kazakhstan,KZT,Personal loan,Consumer credit,Male,Local,27.6,1634000,36,0,0
KZ2026002438,2019-07-08,Karaganda,KZT,Personal loan,Consumer credit,Female,Local,18.1,525000,43,0,0
KZ2026002439,2020-07-31,Almaty Region,RUB,Credit card,Consumer credit,Male,Local,34.0,267000,29,0,0
KZ2026002440,2021-05-19,Kyzylorda,KZT,Personal loan,Consumer credit,Female,Local,31.8,855000,26,0,0
KZ2026002441,2019-08-24,Shymkent,KZT,Personal loan,Consumer credit,Male,Local,24.3,2966000,56,0,0
KZ2026002442,2021-01-13,Almaty,KZT,Personal loan,Consumer credit,Female,Local,25.7,1054000,28,0,0
KZ2026002443,2019-03-26,Almaty,KZT,Personal loan,Consumer credit,Male,Local,14.9,1106000,44,0,0
KZ2026002444,2019-02-19,Zhambyl,KZT,Personal loan,Consumer credit,Male,Local,28.9,1520000,43,0,0
KZ2026002445,2021-03-06,East Kazakhstan,USD,Credit card,Consumer credit,Female,Local,24.6,230000,50,0,0
KZ2026002446,2019-04-10,West Kazakhstan,KZT,Personal loan,Consumer credit,Male,Local,29.8,2558000,68,0,0
KZ2026002447,2020-01-01,Nur-Sultan,KZT,Personal loan,Consumer credit,Female,Local,32.8,1557000,47,0,0
KZ2026002448,2021-02-17,Almaty Region,KZT,Personal loan,Consumer credit,Female,Local,35.6,2756000,36,0,0
KZ2026002449,2019-11-05,West Kazakhstan,KZT,Personal loan,Consumer credit,Female,Local,41.7,3514000,30,0,0
KZ2026002450,2019-09-23,West Kazakhstan,KZT,Personal loan,Consumer credit,Female,Local,29.4,2108000,34,0,0
KZ2026002451,2019-02-05,Karaganda,KZT,Credit card,Consumer credit,Female,Local,35.7,205000,48,0,0
KZ2026002452,2020-09-06,Kostanay,KZT,Personal loan,Auto loan,Female,Local,22.7,3426000,45,0,0
KZ2026002453,2019-10-10,Karaganda,KZT,Personal loan,Consumer credit,Male,Local,13.9,6197000,36,0,0
KZ2026002454,2019-04-15,Mangystau,KZT,Credit card,Consumer credit,Female,Local,17.8,443000,24,0,0
KZ2026002455,2020-02-24,Karaganda,KZT,Personal loan,Consumer credit,Female,Local,18.3,1400000,25,305,1
KZ2026002456,2019-05-31,Zhambyl,KZT,Personal loan,Consumer credit,Male,Local,34.6,578000,45,0,0
KZ2026002457,2021-01-19,West Kazakhstan,KZT,Credit card,Consumer credit,Male,Local,26.1,327000,23,0,0
KZ2026002458,2020-10-21,Nur-Sultan,KZT,Credit card,Consumer credit,Male,Local,34.8,599000,36,199,1
KZ2026002459,2021-05-15,Akmola,KZT,Personal loan,Consumer credit,Female,Local,27.9,1215000,66,0,0
KZ2026002460,2021-05-14,Zhambyl,KZT,Personal loan,Consumer credit,Male,Local,25.1,772000,42,0,0
KZ2026002461,2021-01-09,North Kazakhstan,KZT,Credit card,Consumer credit,Female,Local,21.2,282000,45,125,1
KZ2026002462,2020-03-19,Karaganda,KZT,Personal loan,Consumer credit,Female,Local,25.3,3305000,25,0,0
KZ2026002463,2019-05-31,Nur-Sultan,KZT,Personal loan,Consumer credit,Female,Local,18.6,2117000,23,0,0
KZ2026002464,2019-02-07,West Kazakhstan,KZT,Credit card,Consumer credit,Male,Local,44.8,522000,46,0,0
KZ2026002465,2019-03-22,Almaty,KZT,Personal loan,Consumer credit,Female,Local,32.7,1746000,60,276,1
KZ2026002466,2019-07-26,Kyzylorda,KZT,Personal loan,Consumer credit,Female,Local,19.8,439000,50,0,0
KZ2026002467,2021-02-18,Pavlodar,KZT,Personal loan,Consumer credit,Male,Local,38.5,1513000,39,146,1
KZ2026002468,2019-07-07,West Kazakhstan,KZT,Personal loan,Consumer credit,Male,Local,25.3,2975000,76,0,0
KZ2026002469,2019-03-23,West Kazakhstan,KZT,Personal loan,Consumer credit,Male,Local,7.8,961000,32,0,0
KZ2026002470,2021-04-05,Aktobe,KZT,Personal loan,Consumer credit,Female,Local,21.6,2754000,41,0,0
KZ2026002471,2020-01-20,Atyrau,KZT,Personal loan,Consumer credit,Male,Local,37.2,1907000,28,0,0
KZ2026002472,2020-01-06,North Kazakhstan,KZT,Personal loan,Consumer credit,Male,Local,15.0,2425000,49,0,0
KZ2026002473,2019-09-24,Kostanay,RUB,Personal loan,Consumer credit,Male,Local,22.0,1506000,43,0,0
KZ2026002474,2021-04-16,East Kazakhstan,KZT,Personal loan,Consumer credit,Male,Local,11.1,346000,28,0,0
KZ2026002475,2019-11-04,Almaty Region,KZT,Personal loan,Consumer credit,Male,Local,11.9,1234000,35,0,0
KZ2026002476,2021-01-29,Nur-Sultan,KZT,Personal loan,Consumer credit,Female,Local,14.9,2200000,53,0,0
KZ2026002477,2021-05-26,Almaty,KZT,Personal loan,Consumer credit,Male,Local,11.5,1544000,52,0,0
KZ2026002478,2020-02-03,Almaty,KZT,Personal loan,Consumer credit,Female,Local,16.7,3045000,23,0,0
KZ2026002479,2020-09-10,Almaty Region,KZT,Personal loan,Consumer credit,Male,Local,38.4,1050000,33,0,0
KZ2026002480,2019-01-22,Shymkent,EUR,Personal loan,Consumer credit,Male,Local,15.9,1226000,58,0,0
KZ2026002481,2020-11-21,East Kazakhstan,KZT,Personal loan,Consumer credit,Female,Local,32.6,952000,36,0,0
KZ2026002482,2021-05-09,Almaty,KZT,Personal loan,Consumer credit,Female,Local,12.5,1862000,40,0,0
KZ2026002483,2019-06-22,Nur-Sultan,KZT,Credit card,Consumer credit,Female,Local,24.4,619000,49,0,0
KZ2026002484,2019-01-09,Aktobe,KZT,Personal loan,Consumer credit,Male,Local,30.2,365000,23,0,0
KZ2026002485,2019-02-08,Pavlodar,KZT,Personal loan,Consumer credit,Male,Local,16.5,3259000,28,0,0
KZ2026002486,2021-01-25,Almaty Region,KZT,Credit card,Consumer credit,Female,Local,37.3,169000,35,0,0
KZ2026002487,2019-08-04,Mangystau,KZT,Credit card,Auto loan,Male,Local,43.5,3788000,51,0,0
KZ2026002488,2019-12-31,Pavlodar,KZT,Personal loan,Consumer credit,Female,Local,9.9,740000,49,0,0
KZ2026002489,2019-10-24,Nur-Sultan,KZT,Personal loan,Consumer credit,Male,Local,19.3,1711000,46,0,0
KZ2026002490,2019-09-24,West Kazakhstan,KZT,Personal loan,Consumer credit,Male,Local,20.9,1300000,37,0,0
KZ2026002491,2019-05-27,Shymkent,KZT,Personal loan,Consumer credit,Female,Local,17.7,2135000,51,0,0
KZ2026002492,2019-12-27,Almaty Region,KZT,Credit card,Consumer credit,Female,Local,25.8,1395000,36,0,0
KZ2026002493,2021-03-27,Nur-Sultan,KZT,Personal loan,Consumer credit,Female,Local,18.1,1683000,44,0,0
KZ2026002494,2019-11-12,Turkistan,KZT,Credit card,Consumer credit,Female,Local,31.5,227000,48,0,0
KZ2026002495,2020-12-08,Turkistan,KZT,Personal loan,Consumer credit,Male,Local,24.0,1776000,57,0,0
KZ2026002496,2020-08-31,East Kazakhstan,KZT,Personal loan,Consumer credit,Female,Local,30.4,6269000,37,0,0
KZ2026002497,2020-12-05,Zhambyl,USD,Personal loan,Consumer credit,Female,Local,17.2,3155000,34,0,0
KZ2026002498,2020-05-20,Almaty,KZT,Credit card,Auto loan,Male,Local,25.7,1953000,52,0,0
KZ2026002499,2019-11-24,Pavlodar,KZT,Personal loan,Consumer credit,Male,Local,11.7,1667000,53,0,0
KZ2026002500,2019-08-15,East Kazakhstan,KZT,Personal loan,Consumer credit,Female,Local,20.1,956000,32,0,0
KZ2026002501,2019-09-05,Nur-Sultan,KZT,Personal loan,Consumer credit,Male,Local,27.2,673000,26,0,0
KZ2026002502,2020-04-10,Karaganda,KZT,Personal loan,Consumer credit,Female,Local,30.5,1177000,52,0,0
KZ2026002503,2019-12-23,Shymkent,KZT,Personal loan,Consumer credit,Male,Local,35.8,1316000,20,0,0
KZ2026002504,2019-12-24,Pavlodar,KZT,Personal loan,Consumer credit,Female,Local,25.6,706000,19,0,0
KZ2026002505,2019-11-22,Akmola,KZT,Personal loan,Consumer credit,Female,Local,29.4,1408000,35,0,0
KZ2026002506,2021-03-23,Nur-Sultan,KZT,Personal loan,Consumer credit,Female,Local,35.1,1035000,38,0,0
KZ2026002507,2020-07-22,Shymkent,KZT,Personal loan,Consumer credit,Female,Local,15.4,2180000,25,0,0
KZ2026002508,2021-02-26,Shymkent,KZT,Personal loan,Consumer credit,Male,Local,20.7,1456000,39,0,0
KZ2026002509,2021-03-30,Zhambyl,KZT,Credit card,Consumer credit,Female,Local,53.4,464000,40,0,0
KZ2026002510,2020-06-29,Karaganda,KZT,Credit card,Consumer credit,Female,Local,37.8,730000,32,0,0
KZ2026002511,2019-03-22,Atyrau,KZT,Personal loan,Consumer credit,Female,Local,27.1,1923000,59,0,0
KZ2026002512,2021-05-02,Almaty Region,KZT,Personal loan,Auto loan,Female,Local,21.4,3989000,42,0,0
KZ2026002513,2020-02-27,Almaty,KZT,Personal loan,Consumer credit,Female,Local,11.6,204000,49,0,0
KZ2026002514,2019-11-28,Nur-Sultan,KZT,Credit card,Consumer credit,Female,Local,26.0,515000,21,0,0
KZ2026002515,2020-01-01,Almaty,KZT,Personal loan,Consumer credit,Female,Local,14.0,553000,21,0,0
KZ2026002516,2019-03-19,Pavlodar,USD,Personal loan,Consumer credit,Female,Local,18.8,1574000,42,0,0
KZ2026002517,2020-08-09,Almaty,KZT,Credit card,Auto loan,Female,Local,30.5,7287000,57,119,1
KZ2026002518,2019-02-12,Almaty,KZT,Personal loan,Consumer credit,Male,Local,19.1,5745000,26,270,1
KZ2026002519,2020-09-28,Zhambyl,KZT,Personal loan,Consumer credit,Male,Local,8.5,548000,39,0,0
KZ2026002520,2021-01-05,Almaty,KZT,Personal loan,Consumer credit,Female,Local,31.3,392000,23,0,0
KZ2026002521,2020-01-08,Almaty,KZT,Personal loan,Consumer credit,Male,Local,6.7,1583000,29,0,0
KZ2026002522,2019-12-05,Zhambyl,KZT,Personal loan,Consumer credit,Male,Local,16.0,1475000,39,0,0
KZ2026002523,2020-08-17,Almaty Region,KZT,Credit card,Consumer credit,Male,Local,21.3,142000,32,0,0
KZ2026002524,2021-01-29,Karaganda,KZT,Personal loan,Consumer credit,Female,Local,14.8,1183000,23,0,0
KZ2026002525,2019-03-26,Turkistan,KZT,Personal loan,Consumer credit,Female,Local,24.3,1994000,22,0,0
KZ2026002526,2020-02-10,Almaty,KZT,Credit card,Consumer credit,Female,Local,41.7,139000,18,126,1
KZ2026002527,2019-10-13,Turkistan,KZT,Credit card,Consumer credit,Female,Local,19.2,166000,42,152,1
KZ2026002528,2019-01-10,Turkistan,KZT,Personal loan,Consumer credit,Female,Local,18.0,694000,44,0,0
KZ2026002529,2019-01-08,Pavlodar,RUB,Personal loan,Consumer credit,Male,Local,6.8,1532000,44,0,0
KZ2026002530,2020-04-11,Karaganda,KZT,Personal loan,Consumer credit,Male,Local,17.4,909000,27,0,0
KZ2026002531,2020-11-05,Karaganda,KZT,Personal loan,Consumer credit,Male,Local,23.3,1258000,84,0,0
KZ2026002532,2020-06-08,Karaganda,KZT,Personal loan,Consumer credit,Male,Local,28.6,8098000,45,0,0
KZ2026002533,2019-08-08,Kostanay,KZT,Personal loan,Consumer credit,Female,Local,4.1,532000,37,0,0
KZ2026002534,2020-02-03,Nur-Sultan,KZT,Credit card,Consumer credit,Male,Local,36.0,214000,35,0,0
KZ2026002535,2021-05-02,Shymkent,KZT,Personal loan,Consumer credit,Female,Local,13.7,2135000,30,0,0
KZ2026002536,2021-01-09,West Kazakhstan,KZT,Personal loan,Consumer credit,Female,Local,11.3,2779000,39,0,0
KZ2026002537,2019-04-16,Mangystau,KZT,Personal loan,Consumer credit,Male,Local,23.1,1707000,55,0,0
KZ2026002538,2020-07-22,Almaty Region,KZT,Credit card,Consumer credit,Female,Local,35.7,1359000,50,0,0
KZ2026002539,2020-07-05,Nur-Sultan,KZT,Personal loan,Consumer credit,Female,Local,21.7,1572000,34,0,0
KZ2026002540,2019-11-19,East Kazakhstan,KZT,Personal loan,Consumer credit,Female,Local,13.7,224000,43,0,0
KZ2026002541,2019-11-18,East Kazakhstan,USD,Personal loan,Consumer credit,Female,Local,17.1,1868000,25,0,0
KZ2026002542,2020-09-26,Almaty Region,KZT,Personal loan,Consumer credit,Female,Local,27.5,3891000,45,0,0
KZ2026002543,2021-04-05,Aktobe,KZT,Personal loan,Consumer credit,Female,Local,32.0,2724000,28,0,0
KZ2026002544,2019-10-10,Almaty,KZT,Credit card,Consumer credit,Female,Local,40.1,106000,45,0,0
KZ2026002545,2021-03-29,Zhambyl,KZT,Personal loan,Consumer credit,Male,Local,21.9,3781000,70,0,0
KZ2026002546,2021-01-10,Almaty Region,KZT,Personal loan,Consumer credit,Female,Local,32.4,2667000,31,0,0
KZ2026002547,2019-02-16,Shymkent,USD,Personal loan,Consumer credit,Male,Local,6.8,1355000,69,0,0
KZ2026002548,2019-09-05,Almaty,KZT,Personal loan,Consumer credit,Male,Local,12.8,3918000,42,0,0
KZ2026002549,2020-01-25,Aktobe,KZT,Personal loan,Consumer credit,Male,Local,5.3,225000,29,0,0
KZ2026002550,2020-08-11,Akmola,KZT,Personal loan,Consumer credit,Male,Local,34.8,1752000,28,0,0
KZ2026002551,2019-07-20,Zhambyl,KZT,Personal loan,Consumer credit,Male,Local,15.8,3040000,63,0,0
KZ2026002552,2020-01-02,East Kazakhstan,KZT,Personal loan,Consumer credit,Male,Local,23.8,1113000,42,0,0
KZ2026002553,2019-03-23,Karaganda,KZT,Personal loan,Consumer credit,Male,Local,13.1,2081000,31,0,0
KZ2026002554,2019-03-31,Shymkent,KZT,Personal loan,Consumer credit,Female,Local,43.9,1310000,35,0,0
KZ2026002555,2020-01-20,Akmola,KZT,Personal loan,Consumer credit,Female,Local,39.4,616000,42,0,0
KZ2026002556,2020-07-10,Kostanay,KZT,Personal loan,Consumer credit,Female,Local,37.0,603000,37,0,0
KZ2026002557,2020-02-04,Nur-Sultan,KZT,Personal loan,Consumer credit,Male,Local,23.2,2198000,41,0,0
KZ2026002558,2019-12-05,Almaty,KZT,Personal loan,Auto loan,Female,Local,22.1,3005000,57,0,0
KZ2026002559,2020-03-15,Atyrau,KZT,Personal loan,Consumer credit,Male,Local,22.9,328000,25,0,0
KZ2026002560,2020-07-14,Nur-Sultan,KZT,Credit card,Consumer credit,Male,Local,40.3,384000,44,0,0
KZ2026002561,2020-09-22,Karaganda,KZT,Personal loan,Consumer credit,Female,Local,19.2,776000,36,0,0
KZ2026002562,2020-04-21,Karaganda,KZT,Personal loan,Consumer credit,Female,Local,37.5,433000,32,0,0
KZ2026002563,2019-03-23,Kyzylorda,KZT,Credit card,Consumer credit,Female,Local,27.6,369000,49,0,0
KZ2026002564,2019-02-06,East Kazakhstan,KZT,Personal loan,Consumer credit,Female,Local,19.2,2304000,21,0,0
KZ2026002565,2019-10-30,West Kazakhstan,KZT,Personal loan,Consumer credit,Female,Local,18.5,1221000,18,0,0
KZ2026002566,2019-06-30,Almaty Region,KZT,Personal loan,Consumer credit,Female,Local,24.9,485000,39,0,0
KZ2026002567,2020-04-19,Nur-Sultan,KZT,Credit card,Consumer credit,Female,Local,28.1,502000,35,179,1
KZ2026002568,2020-09-10,Nur-Sultan,KZT,Personal loan,Consumer credit,Male,Local,26.6,2893000,22,0,0
KZ2026002569,2019-08-11,Karaganda,KZT,Personal loan,Consumer credit,Male,Local,17.4,7873000,18,0,0
KZ2026002570,2020-02-17,Shymkent,KZT,Personal loan,Consumer credit,Female,Local,29.2,4087000,58,0,0
KZ2026002571,2019-07-12,Nur-Sultan,KZT,Personal loan,Consumer credit,Female,Local,36.8,511000,42,0,0
KZ2026002572,2020-02-16,Zhambyl,KZT,Credit card,Auto loan,Male,Local,30.5,5885000,37,0,0
KZ2026002573,2019-11-30,Kyzylorda,KZT,Personal loan,Consumer credit,Male,Local,42.6,1492000,61,0,0
KZ2026002574,2019-01-03,Pavlodar,KZT,Personal loan,Auto loan,Male,Local,23.1,2382000,48,0,0
KZ2026002575,2020-08-10,Zhambyl,KZT,Credit card,Consumer credit,Male,Local,48.3,433000,56,0,0
KZ2026002576,2019-09-25,Karaganda,KZT,Personal loan,Consumer credit,Male,Local,21.3,6130000,24,0,0
KZ2026002577,2020-10-22,Kostanay,USD,Personal loan,Consumer credit,Female,Local,0.0,5558000,24,0,0
KZ2026002578,2020-08-14,North Kazakhstan,KZT,Personal loan,Consumer credit,Male,Local,17.3,1214000,44,0,0
KZ2026002579,2019-06-22,Almaty,KZT,Personal loan,Consumer credit,Male,Local,13.9,1823000,42,0,0
KZ2026002580,2021-02-22,Turkistan,KZT,Personal loan,Consumer credit,Male,Local,3.7,276000,51,0,0
KZ2026002581,2019-01-20,Nur-Sultan,KZT,Personal loan,Consumer credit,Female,Local,32.7,284000,19,0,0
KZ2026002582,2020-05-21,Pavlodar,KZT,Personal loan,Consumer credit,Male,Foreigner,7.4,1369000,45,0,0
KZ2026002583,2020-12-09,Nur-Sultan,KZT,Personal loan,Consumer credit,Male,Local,42.3,1384000,48,0,0
KZ2026002584,2020-04-22,Almaty,KZT,Personal loan,Consumer credit,Female,Local,16.5,251000,47,99,1
KZ2026002585,2020-05-07,Nur-Sultan,KZT,Credit card,Consumer credit,Female,Local,34.3,468000,33,0,0
KZ2026002586,2020-02-20,Atyrau,RUB,Personal loan,Auto loan,Male,Foreigner,14.4,9744000,43,0,0
KZ2026002587,2019-02-23,Aktobe,KZT,Personal loan,Consumer credit,Female,Local,11.9,1263000,28,0,0
KZ2026002588,2020-08-22,Almaty,KZT,Personal loan,Consumer credit,Male,Local,21.3,1950000,34,0,0
KZ2026002589,2021-04-21,Atyrau,KZT,Personal loan,Consumer credit,Female,Local,32.6,1743000,26,0,0
KZ2026002590,2020-12-05,Almaty Region,KZT,Personal loan,Consumer credit,Male,Local,23.0,291000,29,0,0
KZ2026002591,2019-02-21,Kyzylorda,KZT,Personal loan,Consumer credit,Female,Local,8.4,556000,34,0,0
KZ2026002592,2019-07-14,Turkistan,KZT,Personal loan,Consumer credit,Female,Local,34.1,857000,32,111,1
KZ2026002593,2021-01-05,Karaganda,KZT,Credit card,Auto loan,Female,Local,19.9,2715000,29,0,0
KZ2026002594,2020-09-22,Almaty,KZT,Personal loan,Consumer credit,Female,Local,22.8,4176000,23,0,0
KZ2026002595,2019-11-20,Akmola,KZT,Personal loan,Consumer credit,Male,Local,27.7,2058000,59,0,0
KZ2026002596,2019-08-04,Turkistan,KZT,Personal loan,Consumer credit,Female,Local,24.3,467000,31,0,0
KZ2026002597,2020-02-13,Nur-Sultan,KZT,Personal loan,Consumer credit,Male,Local,45.6,1000000,41,0,0
KZ2026002598,2019-01-29,Almaty Region,KZT,Personal loan,Consumer credit,Male,Local,28.8,3137000,18,241,1
KZ2026002599,2019-03-21,Shymkent,KZT,Personal loan,Consumer credit,Female,Local,21.2,693000,52,0,0
KZ2026002600,2019-03-07,Shymkent,KZT,Personal loan,Consumer credit,Female,Local,27.8,2475000,39,99,1
KZ2026002601,2020-12-29,Almaty Region,KZT,Personal loan,Consumer credit,Female,Local,24.0,3889000,32,0,0
KZ2026002602,2019-02-11,Karaganda,KZT,Personal loan,Consumer credit,Female,Local,22.6,3374000,32,0,0
KZ2026002603,2020-05-02,Atyrau,KZT,Personal loan,Consumer credit,Female,Local,24.8,1399000,47,0,0
KZ2026002604,2019-09-05,Kyzylorda,KZT,Credit card,Auto loan,Female,Local,26.3,7023000,18,0,0
KZ2026002605,2020-10-30,Nur-Sultan,KZT,Personal loan,Consumer credit,Female,Local,24.9,770000,28,0,0
KZ2026002606,2019-04-23,Almaty,KZT,Personal loan,Consumer credit,Female,Local,17.1,9928000,91,0,0
KZ2026002607,2021-03-14,Karaganda,KZT,Personal loan,Consumer credit,Male,Local,5.5,1473000,36,0,0
KZ2026002608,2019-03-17,Almaty,KZT,Personal loan,Consumer credit,Female,Local,32.5,3181000,65,0,0
KZ2026002609,2021-01-17,Karaganda,KZT,Personal loan,Consumer credit,Female,Local,17.8,882000,33,151,1
KZ2026002610,2019-05-11,Aktobe,KZT,Personal loan,Consumer credit,Female,Local,23.8,1835000,48,0,0
KZ2026002611,2019-01-27,Turkistan,KZT,Personal loan,Consumer credit,Male,Local,15.6,1905000,57,0,0
KZ2026002612,2019-02-03,Pavlodar,KZT,Personal loan,Consumer credit,Male,Local,16.5,545000,44,0,0
KZ2026002613,2020-11-20,East Kazakhstan,KZT,Personal loan,Consumer credit,Male,Local,13.8,531000,30,0,0
KZ2026002614,2019-10-31,Mangystau,KZT,Personal loan,Consumer credit,Male,Local,31.3,1009000,23,0,0
KZ2026002615,2020-01-03,Akmola,KZT,Personal loan,Consumer credit,Female,Local,32.9,3071000,45,0,0
KZ2026002616,2020-12-27,East Kazakhstan,KZT,Personal loan,Consumer credit,Male,Local,23.7,253000,55,0,0
KZ2026002617,2019-08-20,Almaty,KZT,Personal loan,Consumer credit,Male,Local,18.0,882000,43,0,0
KZ2026002618,2020-05-03,North Kazakhstan,KZT,Personal loan,Consumer credit,Female,Local,6.9,3654000,51,0,0
KZ2026002619,2019-09-21,Pavlodar,KZT,Personal loan,Consumer credit,Male,Local,30.4,421000,66,0,0
KZ2026002620,2019-02-27,Turkistan,KZT,Personal loan,Consumer credit,Male,Local,16.1,3484000,46,0,0
KZ2026002621,2021-05-27,Turkistan,KZT,Credit card,Consumer credit,Female,Local,22.9,150000,25,0,0
KZ2026002622,2019-11-28,Shymkent,KZT,Personal loan,Consumer credit,Female,Local,23.4,551000,38,218,1
KZ2026002623,2021-01-18,Almaty,KZT,Personal loan,Consumer credit,Female,Local,19.8,1059000,52,0,0
KZ2026002624,2020-01-15,Turkistan,KZT,Personal loan,Consumer credit,Female,Local,8.2,5899000,34,0,0
KZ2026002625,2021-02-04,Zhambyl,KZT,Personal loan,Consumer credit,Female,Foreigner,14.3,697000,54,0,0
KZ2026002626,2019-06-02,Almaty Region,KZT,Personal loan,Consumer credit,Male,Local,17.6,275000,36,0,0
KZ2026002627,2020-04-21,Zhambyl,KZT,Personal loan,Consumer credit,Female,Local,27.9,364000,41,0,0
KZ2026002628,2019-11-26,Aktobe,KZT,Credit card,Auto loan,Female,Local,31.0,6084000,33,0,0
KZ2026002629,2021-05-26,Akmola,KZT,Personal loan,Consumer credit,Female,Local,32.7,379000,39,0,0
KZ2026002630,2019-10-25,Almaty,KZT,Credit card,Consumer credit,Male,Local,24.2,853000,39,0,0
KZ2026002631,2020-11-12,Nur-Sultan,KZT,Personal loan,Consumer credit,Male,Local,24.8,1273000,70,0,0
KZ2026002632,2020-03-12,East Kazakhstan,KZT,Personal loan,Consumer credit,Male,Local,28.5,1168000,32,0,0
KZ2026002633,2019-12-20,Turkistan,KZT,Personal loan,Consumer credit,Female,Local,16.9,1545000,23,0,0
KZ2026002634,2020-09-07,Karaganda,KZT,Personal loan,Consumer credit,Female,Local,33.2,607000,33,0,0
KZ2026002635,2020-07-23,East Kazakhstan,KZT,Personal loan,Consumer credit,Male,Foreigner,9.6,1349000,28,0,0
KZ2026002636,2020-02-27,Almaty Region,KZT,Personal loan,Consumer credit,Female,Local,7.9,435000,48,0,0
KZ2026002637,2019-02-18,Atyrau,KZT,Personal loan,Consumer credit,Female,Local,15.5,3777000,48,0,0
KZ2026002638,2019-03-07,Almaty,KZT,Personal loan,Consumer credit,Female,Local,21.8,501000,43,0,0
KZ2026002639,2020-06-12,Pavlodar,KZT,Personal loan,Auto loan,Male,Local,21.0,4873000,23,0,0
KZ2026002640,2019-02-18,Almaty,KZT,Personal loan,Auto loan,Female,Local,15.4,2511000,66,0,0
KZ2026002641,2020-06-18,Kostanay,KZT,Personal loan,Consumer credit,Female,Local,17.6,763000,22,0,0
KZ2026002642,2021-02-23,Kyzylorda,KZT,Credit card,Consumer credit,Female,Local,19.1,264000,35,0,0
KZ2026002643,2020-11-27,West Kazakhstan,KZT,Personal loan,Consumer credit,Female,Local,10.5,15000000,44,0,0
KZ2026002644,2020-09-05,North Kazakhstan,KZT,Personal loan,Consumer credit,Female,Local,25.5,1185000,48,0,0
KZ2026002645,2019-08-30,Akmola,KZT,Personal loan,Consumer credit,Male,Local,31.0,597000,42,0,0
KZ2026002646,2020-08-03,Turkistan,KZT,Personal loan,Consumer credit,Female,Local,19.1,822000,51,0,0
KZ2026002647,2019-06-11,Kostanay,KZT,Personal loan,Consumer credit,Male,Local,34.3,334000,40,0,0
KZ2026002648,2021-03-17,Mangystau,KZT,Personal loan,Consumer credit,Female,Local,14.2,1045000,34,0,0
KZ2026002649,2019-03-21,Karaganda,KZT,Personal loan,Consumer credit,Female,Local,18.4,5788000,47,0,0
KZ2026002650,2020-04-23,Pavlodar,KZT,Personal loan,Consumer credit,Female,Local,19.8,1597000,47,0,0
KZ2026002651,2020-03-05,Shymkent,KZT,Personal loan,Consumer credit,Female,Local,36.1,2586000,31,230,1
KZ2026002652,2019-03-07,Almaty Region,KZT,Credit card,Consumer credit,Male,Local,32.8,177000,41,0,0
KZ2026002653,2019-06-14,Pavlodar,KZT,Credit card,Consumer credit,Male,Local,17.0,300000,34,0,0
KZ2026002654,2020-09-22,Kyzylorda,KZT,Personal loan,Consumer credit,Female,Local,31.2,1427000,18,0,0
KZ2026002655,2020-06-10,Atyrau,KZT,Personal loan,Consumer credit,Male,Local,39.6,648000,42,0,0
KZ2026002656,2019-05-24,Turkistan,KZT,Personal loan,Consumer credit,Male,Local,20.3,1686000,23,169,1
KZ2026002657,2019-05-05,Almaty Region,KZT,Personal loan,Consumer credit,Female,Local,14.4,2025000,41,0,0
KZ2026002658,2020-08-11,Zhambyl,KZT,Personal loan,Consumer credit,Male,Local,30.2,1904000,20,0,0
KZ2026002659,2020-08-06,Nur-Sultan,KZT,Personal loan,Consumer credit,Male,Local,40.5,1055000,29,0,0
KZ2026002660,2019-12-20,Almaty,KZT,Personal loan,Auto loan,Male,Local,20.9,6535000,32,0,0
KZ2026002661,2019-01-18,Pavlodar,KZT,Personal loan,Consumer credit,Female,Local,8.2,964000,50,0,0
KZ2026002662,2019-01-25,Almaty Region,KZT,Personal loan,Consumer credit,Male,Local,29.7,892000,31,0,0
KZ2026002663,2019-05-14,Almaty Region,KZT,Credit card,Consumer credit,Female,Local,34.0,1032000,25,244,1
KZ2026002664,2019-02-19,Almaty,KZT,Credit card,Consumer credit,Female,Local,24.1,153000,41,0,0
KZ2026002665,2020-05-06,East Kazakhstan,KZT,Personal loan,Consumer credit,Male,Local,35.1,282000,35,0,0
KZ2026002666,2019-12-13,Pavlodar,KZT,Personal loan,Consumer credit,Male,Local,27.0,574000,46,0,0
KZ2026002667,2019-07-11,Turkistan,KZT,Personal loan,Consumer credit,Male,Local,34.4,1668000,26,0,0
KZ2026002668,2020-06-08,Nur-Sultan,KZT,Personal loan,Consumer credit,Female,Local,12.6,3573000,81,0,0
KZ2026002669,2020-09-14,West Kazakhstan,KZT,Personal loan,Consumer credit,Male,Local,26.6,684000,64,0,0
KZ2026002670,2019-05-31,Atyrau,KZT,Credit card,Consumer credit,Male,Local,23.5,1365000,34,0,0
KZ2026002671,2020-07-05,Karaganda,KZT,Personal loan,Consumer credit,Male,Local,24.9,1228000,39,0,0
KZ2026002672,2019-04-05,Atyrau,KZT,Personal loan,Consumer credit,Male,Local,36.1,1088000,19,268,1
KZ2026002673,2020-06-13,Almaty Region,KZT,Credit card,Consumer credit,Female,Local,20.3,185000,28,0,0
KZ2026002674,2019-11-29,Atyrau,KZT,Personal loan,Consumer credit,Male,Local,9.5,6303000,42,0,0
KZ2026002675,2019-04-07,West Kazakhstan,KZT,Personal loan,Consumer credit,Female,Local,31.4,1056000,33,0,0
KZ2026002676,2020-12-11,East Kazakhstan,KZT,Personal loan,Consumer credit,Male,Local,23.2,387000,44,0,0
KZ2026002677,2019-06-11,Atyrau,KZT,Personal loan,Consumer credit,Female,Local,32.2,9692000,42,0,0
KZ2026002678,2020-11-23,Pavlodar,KZT,Personal loan,Auto loan,Female,Local,11.1,4775000,23,0,0
KZ2026002679,2019-11-19,Kyzylorda,KZT,Personal loan,Consumer credit,Male,Local,22.8,2366000,48,0,0
KZ2026002680,2020-08-27,Aktobe,KZT,Personal loan,Consumer credit,Female,Local,28.2,5011000,23,0,0
KZ2026002681,2020-09-16,Pavlodar,KZT,Personal loan,Consumer credit,Female,Local,24.3,2023000,29,0,0
KZ2026002682,2020-01-11,North Kazakhstan,KZT,Personal loan,Consumer credit,Female,Local,6.2,2748000,40,0,0
KZ2026002683,2020-08-11,Almaty,KZT,Personal loan,Consumer credit,Female,Local,48.1,1257000,54,0,0
KZ2026002684,2020-01-26,West Kazakhstan,KZT,Credit card,Auto loan,Female,Local,31.6,5565000,26,0,0
KZ2026002685,2020-06-19,Akmola,KZT,Personal loan,Consumer credit,Male,Local,10.7,1166000,39,0,0
KZ2026002686,2019-07-19,Kyzylorda,KZT,Personal loan,Consumer credit,Female,Local,25.5,1180000,39,0,0
KZ2026002687,2020-01-11,Almaty,KZT,Personal loan,Consumer credit,Male,Local,26.5,1329000,44,0,0
KZ2026002688,2019-05-02,Karaganda,KZT,Personal loan,Consumer credit,Female,Local,31.8,856000,50,0,0
KZ2026002689,2020-01-03,Almaty,KZT,Personal loan,Consumer credit,Female,Local,30.8,1842000,33,0,0
KZ2026002690,2019-01-14,East Kazakhstan,KZT,Credit card,Consumer credit,Female,Local,29.4,510000,48,0,0
KZ2026002691,2019-12-28,Shymkent,KZT,Personal loan,Consumer credit,Female,Local,6.8,2407000,52,0,0
KZ2026002692,2021-01-29,Almaty Region,KZT,Personal loan,Consumer credit,Male,Local,26.6,2067000,57,0,0
KZ2026002693,2019-11-16,North Kazakhstan,KZT,Personal loan,Consumer credit,Female,Foreigner,8.7,6569000,43,0,0
KZ2026002694,2020-03-14,Shymkent,KZT,Personal loan,Consumer credit,Male,Local,15.6,2936000,39,0,0
KZ2026002695,2021-01-25,North Kazakhstan,KZT,Personal loan,Consumer credit,Female,Local,28.5,1006000,32,0,0
KZ2026002696,2019-01-03,Almaty,KZT,Personal loan,Consumer credit,Female,Local,16.6,1764000,21,0,0
KZ2026002697,2020-08-15,Pavlodar,KZT,Personal loan,Consumer credit,Male,Local,17.7,3987000,34,0,0
KZ2026002698,2020-04-12,Nur-Sultan,KZT,Personal loan,Consumer credit,Female,Local,15.9,535000,38,0,0
KZ2026002699,2019-10-31,Almaty Region,KZT,Personal loan,Consumer credit,Male,Local,28.3,6649000,36,0,0
KZ2026002700,2019-08-17,North Kazakhstan,KZT,Personal loan,Consumer credit,Female,Local,17.5,621000,44,0,0
KZ2026002701,2020-06-07,Kostanay,KZT,Personal loan,Consumer credit,Female,Local,29.2,2579000,21,0,0
KZ2026002702,2020-01-13,Zhambyl,KZT,Personal loan,Consumer credit,Female,Local,17.3,1207000,35,0,0
KZ2026002703,2019-12-16,Almaty Region,KZT,Personal loan,Consumer credit,Female,Local,20.6,1149000,59,0,0
KZ2026002704,2020-08-16,Pavlodar,KZT,Personal loan,Consumer credit,Male,Local,23.6,396000,48,0,0
KZ2026002705,2019-12-19,Kostanay,KZT,Personal loan,Consumer credit,Male,Local,23.7,2595000,44,98,1
KZ2026002706,2020-12-16,Atyrau,KZT,Personal loan,Consumer credit,Male,Local,15.0,401000,41,0,0
KZ2026002707,2019-09-09,Turkistan,KZT,Personal loan,Consumer credit,Male,Local,29.7,352000,33,0,0
KZ2026002708,2020-09-10,Almaty,KZT,Personal loan,Consumer credit,Male,Local,19.7,3216000,18,0,0
KZ2026002709,2020-05-12,Almaty,KZT,Personal loan,Consumer credit,Female,Local,26.8,5493000,42,0,0
KZ2026002710,2021-03-02,Karaganda,KZT,Personal loan,Consumer credit,Female,Local,22.9,681000,18,0,0
KZ2026002711,2019-12-20,Shymkent,KZT,Personal loan,Consumer credit,Male,Local,27.5,2815000,33,0,0
KZ2026002712,2019-07-27,Almaty,KZT,Personal loan,Consumer credit,Female,Local,18.6,2362000,37,0,0
KZ2026002713,2019-12-18,Almaty,USD,Personal loan,Consumer credit,Female,Foreigner,10.3,1800000,32,0,0
KZ2026002714,2020-08-07,Almaty,KZT,Personal loan,Consumer credit,Male,Local,35.9,1044000,61,0,0
KZ2026002715,2020-01-15,North Kazakhstan,KZT,Personal loan,Consumer credit,Female,Local,23.1,1863000,57,0,0
KZ2026002716,2021-02-24,Almaty,KZT,Personal loan,Consumer credit,Male,Local,10.9,413000,48,0,0
KZ2026002717,2019-05-18,East Kazakhstan,KZT,Personal loan,Consumer credit,Female,Local,18.0,429000,27,0,0
KZ2026002718,2019-09-30,Shymkent,EUR,Personal loan,Consumer credit,Female,Local,7.7,4154000,58,0,0
KZ2026002719,2021-05-18,Nur-Sultan,KZT,Personal loan,Consumer credit,Male,Local,29.7,1063000,44,0,0
KZ2026002720,2020-12-06,Zhambyl,KZT,Personal loan,Auto loan,Male,Local,15.3,9439000,27,0,0
KZ2026002721,2019-03-09,East Kazakhstan,KZT,Personal loan,Consumer credit,Female,Local,24.5,6020000,37,0,0
KZ2026002722,2021-04-10,Pavlodar,KZT,Personal loan,Consumer credit,Male,Local,21.7,1743000,48,0,0
KZ2026002723,2020-01-12,Aktobe,KZT,Personal loan,Consumer credit,Female,Local,31.1,348000,30,0,0
KZ2026002724,2020-07-22,Almaty Region,KZT,Personal loan,Consumer credit,Female,Local,27.4,1091000,39,0,0
KZ2026002725,2019-01-15,Almaty,KZT,Personal loan,Consumer credit,Male,Local,29.4,591000,40,0,0
KZ2026002726,2019-05-26,Kyzylorda,KZT,Credit card,Consumer credit,Female,Local,29.8,374000,25,0,0
KZ2026002727,2020-09-08,Mangystau,KZT,Credit card,Consumer credit,Female,Local,26.7,173000,34,0,0
KZ2026002728,2019-08-19,Almaty,KZT,Personal loan,Consumer credit,Male,Local,29.2,434000,26,0,0
KZ2026002729,2019-04-14,Almaty Region,KZT,Personal loan,Consumer credit,Female,Foreigner,39.4,175000,47,0,0
KZ2026002730,2020-08-23,Turkistan,KZT,Personal loan,Consumer credit,Male,Local,36.9,1383000,27,0,0
KZ2026002731,2019-07-11,Nur-Sultan,KZT,Personal loan,Consumer credit,Female,Local,25.2,170000,40,0,0
KZ2026002732,2021-02-03,Akmola,KZT,Personal loan,Consumer credit,Male,Local,14.1,914000,99,0,0
KZ2026002733,2019-06-07,Zhambyl,KZT,Personal loan,Auto loan,Male,Local,10.6,5467000,25,0,0
KZ2026002734,2019-01-21,Aktobe,KZT,Personal loan,Consumer credit,Female,Local,35.4,650000,24,0,0
KZ2026002735,2019-12-11,Akmola,KZT,Personal loan,Consumer credit,Female,Local,6.4,477000,34,0,0
KZ2026002736,2019-10-16,Atyrau,RUB,Personal loan,Auto loan,Male,Foreigner,28.9,5302000,39,0,0
KZ2026002737,2020-07-17,Almaty,KZT,Personal loan,Consumer credit,Female,Local,39.9,1405000,41,0,0
KZ2026002738,2019-07-26,Zhambyl,KZT,Personal loan,Consumer credit,Male,Local,22.5,499000,18,0,0
KZ2026002739,2021-05-16,Kostanay,KZT,Personal loan,Consumer credit,Male,Local,29.3,1098000,35,0,0
KZ2026002740,2020-01-08,West Kazakhstan,KZT,Personal loan,Consumer credit,Female,Local,44.3,894000,63,0,0
KZ2026002741,2020-09-18,Nur-Sultan,KZT,Personal loan,Consumer credit,Female,Local,19.7,1188000,43,0,0
KZ2026002742,2020-11-09,Pavlodar,KZT,Personal loan,Consumer credit,Male,Local,18.9,4817000,34,0,0
KZ2026002743,2021-02-19,Almaty,KZT,Personal loan,Auto loan,Female,Local,11.9,4376000,36,0,0
KZ2026002744,2020-03-19,Kyzylorda,KZT,Personal loan,Consumer credit,Female,Local,13.5,1842000,29,0,0
KZ2026002745,2019-07-20,Aktobe,KZT,Personal loan,Consumer credit,Female,Local,20.0,706000,56,0,0
KZ2026002746,2020-04-02,Mangystau,KZT,Personal loan,Auto loan,Female,Local,12.7,4423000,23,0,0
KZ2026002747,2020-01-11,Almaty,KZT,Personal loan,Consumer credit,Male,Local,11.6,950000,33,0,0
KZ2026002748,2020-06-21,Almaty,RUB,Credit card,Consumer credit,Male,Local,29.4,624000,38,0,0
KZ2026002749,2019-07-28,East Kazakhstan,USD,Personal loan,Consumer credit,Female,Local,21.0,1070000,34,0,0
KZ2026002750,2020-03-31,Nur-Sultan,USD,Personal loan,Consumer credit,Female,Local,18.0,1123000,66,0,0
KZ2026002751,2021-04-25,Almaty,KZT,Personal loan,Consumer credit,Male,Local,9.9,1390000,18,0,0
KZ2026002752,2020-08-30,Kostanay,KZT,Personal loan,Consumer credit,Male,Local,40.3,881000,29,0,0
KZ2026002753,2021-04-25,Pavlodar,KZT,Personal loan,Consumer credit,Male,Local,16.0,4287000,26,250,1
KZ2026002754,2019-04-05,Nur-Sultan,KZT,Credit card,Consumer credit,Female,Local,31.9,2611000,55,0,0
KZ2026002755,2020-07-31,Turkistan,KZT,Personal loan,Consumer credit,Female,Local,34.5,741000,62,0,0
KZ2026002756,2019-01-21,Mangystau,KZT,Personal loan,Consumer credit,Female,Local,36.8,1541000,36,0,0
KZ2026002757,2019-06-29,North Kazakhstan,KZT,Personal loan,Auto loan,Male,Local,18.7,6381000,22,0,0
KZ2026002758,2020-12-31,Kostanay,KZT,Personal loan,Consumer credit,Female,Local,16.6,957000,45,0,0
KZ2026002759,2019-03-31,Karaganda,KZT,Personal loan,Consumer credit,Male,Local,16.1,515000,26,0,0
KZ2026002760,2020-02-27,Zhambyl,KZT,Personal loan,Consumer credit,Male,Local,16.8,5258000,31,0,0
KZ2026002761,2019-03-03,Karaganda,KZT,Personal loan,Consumer credit,Male,Local,39.4,2150000,30,192,1
KZ2026002762,2019-09-21,Turkistan,KZT,Personal loan,Consumer credit,Female,Local,19.1,1573000,31,0,0
KZ2026002763,2019-04-20,Nur-Sultan,KZT,Personal loan,Consumer credit,Female,Local,25.0,4118000,33,0,0
KZ2026002764,2020-02-06,Aktobe,KZT,Personal loan,Consumer credit,Male,Local,13.0,2309000,23,0,0
KZ2026002765,2020-07-21,Nur-Sultan,KZT,Personal loan,Auto loan,Male,Local,9.2,3915000,29,0,0
KZ2026002766,2020-07-28,Shymkent,KZT,Personal loan,Consumer credit,Female,Local,23.4,523000,48,0,0
KZ2026002767,2021-04-03,Atyrau,KZT,Personal loan,Consumer credit,Male,Local,20.0,789000,37,0,0
KZ2026002768,2019-04-18,Karaganda,KZT,Credit card,Consumer credit,Male,Local,28.9,864000,38,0,0
KZ2026002769,2019-12-20,Pavlodar,KZT,Personal loan,Consumer credit,Male,Local,9.1,2143000,18,0,0
KZ2026002770,2020-04-07,Shymkent,KZT,Personal loan,Consumer credit,Male,Local,22.1,1024000,47,0,0
KZ2026002771,2019-03-18,Almaty,KZT,Personal loan,Consumer credit,Male,Local,35.9,5387000,73,0,0
KZ2026002772,2019-04-08,Mangystau,KZT,Credit card,Consumer credit,Female,Local,24.6,311000,49,0,0
KZ2026002773,2019-10-02,Turkistan,KZT,Personal loan,Consumer credit,Male,Local,30.3,2778000,39,0,0
KZ2026002774,2021-01-28,Nur-Sultan,KZT,Personal loan,Consumer credit,Male,Local,0.0,1447000,31,0,0
KZ2026002775,2020-06-01,Kyzylorda,KZT,Personal loan,Consumer credit,Female,Local,14.6,6205000,19,0,0
KZ2026002776,2020-05-11,Aktobe,KZT,Personal loan,Consumer credit,Male,Local,5.2,2276000,61,0,0
KZ2026002777,2020-05-01,Karaganda,KZT,Personal loan,Consumer credit,Female,Local,33.8,1248000,46,0,0
KZ2026002778,2020-12-16,East Kazakhstan,KZT,Personal loan,Consumer credit,Male,Local,30.7,1031000,46,304,1
KZ2026002779,2020-04-26,Almaty,KZT,Credit card,Consumer credit,Female,Local,23.1,346000,57,0,0
KZ2026002780,2020-09-28,Almaty,KZT,Personal loan,Auto loan,Male,Local,18.0,2886000,39,0,0
KZ2026002781,2019-10-01,Almaty,EUR,Personal loan,Consumer credit,Female,Local,28.1,536000,52,0,0
KZ2026002782,2020-12-20,Nur-Sultan,EUR,Personal loan,Consumer credit,Female,Local,11.1,1273000,32,0,0
KZ2026002783,2019-01-29,Karaganda,KZT,Credit card,Consumer credit,Female,Local,24.2,327000,45,137,1
KZ2026002784,2019-10-29,Aktobe,KZT,Personal loan,Consumer credit,Female,Foreigner,32.3,1254000,30,0,0
KZ2026002785,2019-08-09,Almaty,KZT,Personal loan,Consumer credit,Male,Local,22.2,1208000,31,0,0
KZ2026002786,2019-05-04,Kostanay,KZT,Personal loan,Consumer credit,Male,Local,16.5,5259000,38,0,0
KZ2026002787,2020-04-19,Kostanay,KZT,Personal loan,Consumer credit,Female,Local,44.0,2107000,23,233,1
KZ2026002788,2021-02-26,Zhambyl,KZT,Personal loan,Consumer credit,Female,Local,25.4,7199000,41,115,1
KZ2026002789,2019-05-24,Shymkent,KZT,Personal loan,Consumer credit,Male,Local,11.8,826000,34,0,0
KZ2026002790,2021-02-20,Almaty Region,KZT,Personal loan,Consumer credit,Female,Local,21.3,2336000,18,0,0
KZ2026002791,2021-01-26,Pavlodar,KZT,Credit card,Consumer credit,Female,Local,39.5,263000,32,0,0
KZ2026002792,2021-02-18,Nur-Sultan,KZT,Credit card,Consumer credit,Female,Local,31.0,230000,33,0,0
KZ2026002793,2019-01-06,Kyzylorda,KZT,Personal loan,Consumer credit,Female,Local,28.9,7434000,46,0,0
KZ2026002794,2021-05-23,Shymkent,KZT,Personal loan,Consumer credit,Female,Local,8.6,625000,40,0,0
KZ2026002795,2020-01-13,Pavlodar,KZT,Personal loan,Consumer credit,Male,Local,10.8,180000,53,0,0
KZ2026002796,2020-06-10,West Kazakhstan,KZT,Personal loan,Consumer credit,Female,Local,16.4,657000,43,0,0
KZ2026002797,2019-09-27,Karaganda,KZT,Personal loan,Consumer credit,Male,Local,21.1,218000,31,0,0
KZ2026002798,2020-03-28,Aktobe,KZT,Personal loan,Consumer credit,Male,Local,26.1,535000,36,0,0
KZ2026002799,2020-04-30,Karaganda,KZT,Personal loan,Consumer credit,Female,Local,28.8,578000,79,124,1
KZ2026002800,2020-12-05,Kyzylorda,KZT,Personal loan,Consumer credit,Female,Local,44.9,1237000,42,0,0
KZ2026002801,2019-10-29,Shymkent,KZT,Personal loan,Consumer credit,Male,Local,17.0,210000,38,0,0
KZ2026002802,2019-04-08,East Kazakhstan,KZT,Personal loan,Consumer credit,Female,Local,19.3,3316000,30,0,0
KZ2026002803,2020-06-01,Nur-Sultan,KZT,Personal loan,Consumer credit,Male,Local,17.1,244000,37,0,0
KZ2026002804,2020-11-22,West Kazakhstan,KZT,Personal loan,Consumer credit,Male,Local,32.5,1077000,42,0,0
KZ2026002805,2019-01-14,Almaty,KZT,Personal loan,Consumer credit,Female,Local,33.1,911000,26,0,0
KZ2026002806,2020-12-18,Almaty,KZT,Personal loan,Consumer credit,Female,Foreigner,20.8,2420000,40,107,1
KZ2026002807,2020-12-10,Aktobe,KZT,Personal loan,Consumer credit,Female,Local,16.2,1618000,20,0,0
KZ2026002808,2020-05-24,Kostanay,KZT,Personal loan,Consumer credit,Male,Local,31.4,3291000,49,0,0
KZ2026002809,2021-04-17,Almaty,KZT,Credit card,Consumer credit,Female,Local,43.1,267000,43,0,0
KZ2026002810,2019-12-09,Almaty,KZT,Credit card,Consumer credit,Male,Local,20.6,247000,55,0,0
KZ2026002811,2019-04-28,Nur-Sultan,KZT,Credit card,Auto loan,Female,Local,34.6,4817000,25,0,0
KZ2026002812,2020-08-02,North Kazakhstan,KZT,Credit card,Consumer credit,Male,Local,9.1,757000,49,0,0
KZ2026002813,2020-06-22,Kostanay,KZT,Personal loan,Auto loan,Female,Local,20.8,5798000,47,0,0
KZ2026002814,2021-03-18,Nur-Sultan,KZT,Credit card,Auto loan,Male,Local,21.2,4623000,35,0,0
KZ2026002815,2019-07-18,Nur-Sultan,KZT,Credit card,Consumer credit,Male,Local,35.8,417000,33,0,0
KZ2026002816,2019-05-20,Zhambyl,KZT,Personal loan,Consumer credit,Male,Local,29.5,1164000,25,0,0
KZ2026002817,2020-08-22,Akmola,KZT,Credit card,Consumer credit,Female,Local,40.1,476000,22,0,0
KZ2026002818,2019-10-02,West Kazakhstan,KZT,Personal loan,Consumer credit,Female,Local,29.8,6767000,29,0,0
KZ2026002819,2019-06-13,Almaty Region,KZT,Personal loan,Consumer credit,Female,Local,23.3,976000,71,0,0
KZ2026002820,2020-08-15,Turkistan,KZT,Credit card,Consumer credit,Male,Local,28.4,266000,55,0,0
KZ2026002821,2019-06-13,Akmola,KZT,Personal loan,Consumer credit,Male,Local,22.2,825000,20,0,0
KZ2026002822,2021-01-05,Karaganda,KZT,Personal loan,Consumer credit,Female,Local,12.5,1671000,39,0,0
KZ2026002823,2019-10-02,Nur-Sultan,KZT,Personal loan,Consumer credit,Male,Local,21.7,198000,42,0,0
KZ2026002824,2020-07-29,Shymkent,KZT,Personal loan,Consumer credit,Female,Local,20.1,1070000,41,0,0
KZ2026002825,2020-05-24,Shymkent,KZT,Credit card,Consumer credit,Male,Local,24.7,678000,42,0,0
KZ2026002826,2020-06-05,Kyzylorda,KZT,Credit card,Consumer credit,Female,Local,17.6,236000,47,0,0
KZ2026002827,2019-09-26,Atyrau,KZT,Personal loan,Consumer credit,Female,Local,11.1,1406000,32,0,0
KZ2026002828,2019-03-17,Almaty,KZT,Credit card,Consumer credit,Male,Local,5.3,1703000,38,0,0
KZ2026002829,2020-07-18,Pavlodar,KZT,Personal loan,Consumer credit,Male,Local,19.8,1591000,34,0,0
KZ2026002830,2020-01-18,Kyzylorda,KZT,Credit card,Consumer credit,Female,Local,34.9,65000,51,0,0
KZ2026002831,2021-05-12,Almaty,KZT,Personal loan,Consumer credit,Male,Local,0.0,362000,60,0,0
KZ2026002832,2021-02-25,Atyrau,KZT,Personal loan,Consumer credit,Female,Local,24.9,969000,24,0,0
KZ2026002833,2019-03-07,Atyrau,KZT,Personal loan,Consumer credit,Female,Local,22.0,606000,18,0,0
KZ2026002834,2019-11-16,Pavlodar,KZT,Personal loan,Consumer credit,Male,Local,12.1,1310000,43,0,0
KZ2026002835,2020-01-02,Karaganda,KZT,Personal loan,Consumer credit,Female,Local,19.0,934000,49,0,0
KZ2026002836,2019-12-03,Karaganda,KZT,Personal loan,Consumer credit,Male,Local,31.6,3233000,59,0,0
KZ2026002837,2020-09-30,Karaganda,KZT,Personal loan,Consumer credit,Female,Local,14.4,475000,45,0,0
KZ2026002838,2019-11-12,Akmola,KZT,Personal loan,Auto loan,Male,Local,16.6,3643000,52,0,0
KZ2026002839,2019-05-15,Almaty Region,KZT,Personal loan,Consumer credit,Female,Local,25.7,1443000,55,0,0
KZ2026002840,2019-11-17,Nur-Sultan,KZT,Personal loan,Consumer credit,Male,Local,15.2,1604000,53,0,0
KZ2026002841,2020-11-25,Mangystau,KZT,Personal loan,Auto loan,Male,Local,22.1,4273000,47,0,0
KZ2026002842,2019-12-24,Almaty Region,KZT,Personal loan,Consumer credit,Male,Local,27.4,155000,23,0,0
KZ2026002843,2019-09-10,Atyrau,KZT,Personal loan,Consumer credit,Male,Local,20.4,1288000,37,0,0
KZ2026002844,2020-11-13,Almaty,KZT,Personal loan,Consumer credit,Female,Local,44.0,1056000,40,119,1
KZ2026002845,2019-02-28,Almaty,KZT,Personal loan,Consumer credit,Male,Local,31.4,2501000,36,0,0
KZ2026002846,2020-02-06,West Kazakhstan,KZT,Personal loan,Consumer credit,Male,Local,7.2,2219000,37,0,0
KZ2026002847,2019-04-02,Almaty,RUB,Personal loan,Consumer credit,Male,Local,19.0,1717000,54,0,0
KZ2026002848,2020-06-20,Nur-Sultan,KZT,Personal loan,Consumer credit,Male,Local,44.3,3788000,29,0,0
KZ2026002849,2021-03-05,Kyzylorda,KZT,Personal loan,Consumer credit,Male,Local,13.4,3190000,46,0,0
KZ2026002850,2020-01-26,Almaty Region,KZT,Credit card,Consumer credit,Male,Local,31.8,430000,40,0,0
KZ2026002851,2021-05-16,Almaty Region,EUR,Personal loan,Consumer credit,Female,Local,28.6,9693000,28,0,0
KZ2026002852,2021-02-10,Almaty Region,KZT,Personal loan,Consumer credit,Female,Local,30.4,438000,25,0,0
KZ2026002853,2020-10-04,Pavlodar,KZT,Personal loan,Consumer credit,Female,Local,29.3,1189000,18,0,0
KZ2026002854,2019-06-07,Aktobe,KZT,Personal loan,Consumer credit,Male,Local,23.1,873000,42,0,0
KZ2026002855,2019-01-29,Kyzylorda,KZT,Personal loan,Consumer credit,Female,Local,16.7,148000,36,0,0
KZ2026002856,2019-04-19,Shymkent,KZT,Personal loan,Consumer credit,Female,Local,26.9,689000,28,0,0
KZ2026002857,2019-11-04,Karaganda,KZT,Credit card,Consumer credit,Female,Local,28.0,453000,18,0,0
KZ2026002858,2019-12-27,Almaty Region,KZT,Credit card,Consumer credit,Male,Local,27.5,335000,42,0,0
KZ2026002859,2019-07-05,Kyzylorda,KZT,Personal loan,Consumer credit,Male,Local,36.4,620000,35,349,1
KZ2026002860,2021-05-10,Atyrau,KZT,Personal loan,Consumer credit,Male,Local,19.3,1244000,29,0,0
KZ2026002861,2020-10-18,Almaty Region,KZT,Personal loan,Auto loan,Male,Local,26.3,4228000,26,0,0
KZ2026002862,2020-09-09,Zhambyl,KZT,Personal loan,Auto loan,Female,Local,17.5,5518000,34,0,0
KZ2026002863,2020-07-28,Aktobe,KZT,Credit card,Consumer credit,Male,Local,30.3,216000,42,0,0
KZ2026002864,2020-06-28,Nur-Sultan,KZT,Personal loan,Consumer credit,Male,Local,6.0,2522000,33,0,0
KZ2026002865,2021-02-17,Almaty Region,KZT,Personal loan,Consumer credit,Male,Local,42.3,475000,24,208,1
KZ2026002866,2019-12-11,Almaty,KZT,Personal loan,Consumer credit,Male,Local,22.9,782000,36,0,0
KZ2026002867,2019-05-05,Almaty Region,KZT,Personal loan,Consumer credit,Male,Local,1.5,5086000,49,0,0
KZ2026002868,2019-09-18,Zhambyl,KZT,Personal loan,Consumer credit,Male,Local,32.0,503000,37,0,0
KZ2026002869,2019-07-22,Turkistan,KZT,Personal loan,Consumer credit,Female,Local,22.5,685000,38,0,0
KZ2026002870,2021-04-24,Nur-Sultan,KZT,Personal loan,Consumer credit,Male,Local,14.9,414000,33,0,0
KZ2026002871,2020-05-15,Karaganda,KZT,Personal loan,Consumer credit,Female,Local,31.5,594000,27,0,0
KZ2026002872,2020-01-12,Atyrau,KZT,Credit card,Consumer credit,Female,Local,10.9,388000,27,0,0
KZ2026002873,2019-01-23,Nur-Sultan,KZT,Personal loan,Consumer credit,Female,Local,16.0,2188000,19,0,0
KZ2026002874,2020-09-19,Almaty,KZT,Personal loan,Consumer credit,Female,Local,20.0,1181000,50,0,0
KZ2026002875,2020-07-24,Almaty,KZT,Personal loan,Consumer credit,Male,Local,30.5,911000,42,0,0
KZ2026002876,2020-12-16,Almaty,KZT,Personal loan,Consumer credit,Female,Local,43.4,417000,38,0,0
KZ2026002877,2019-04-26,Akmola,KZT,Credit card,Consumer credit,Female,Local,29.7,203000,40,0,0
KZ2026002878,2020-08-03,Almaty Region,KZT,Personal loan,Consumer credit,Male,Local,27.5,322000,41,0,0
KZ2026002879,2019-11-16,Zhambyl,KZT,Personal loan,Consumer credit,Male,Local,47.1,2244000,29,0,0
KZ2026002880,2019-07-25,Nur-Sultan,KZT,Personal loan,Consumer credit,Female,Local,22.4,2381000,33,351,1
KZ2026002881,2019-07-17,Almaty,KZT,Personal loan,Consumer credit,Male,Local,26.9,1159000,32,0,0
KZ2026002882,2019-09-12,Nur-Sultan,KZT,Credit card,Consumer credit,Female,Local,21.3,487000,65,0,0
KZ2026002883,2020-10-09,Zhambyl,KZT,Personal loan,Consumer credit,Male,Local,39.9,2527000,48,0,0
KZ2026002884,2019-01-21,Aktobe,RUB,Personal loan,Auto loan,Male,Local,11.7,5109000,39,0,0
KZ2026002885,2021-04-16,Zhambyl,KZT,Personal loan,Consumer credit,Female,Local,25.6,503000,52,0,0
KZ2026002886,2021-05-05,Almaty,KZT,Personal loan,Consumer credit,Female,Local,25.0,892000,51,0,0
KZ2026002887,2021-05-04,Nur-Sultan,KZT,Personal loan,Auto loan,Female,Local,16.7,3241000,22,0,0
KZ2026002888,2021-01-06,Shymkent,KZT,Personal loan,Consumer credit,Female,Local,18.5,2080000,35,246,1
KZ2026002889,2019-10-13,Nur-Sultan,KZT,Personal loan,Consumer credit,Female,Local,25.5,355000,37,0,0
KZ2026002890,2019-12-23,Almaty,KZT,Personal loan,Consumer credit,Male,Local,37.9,4109000,44,0,0
KZ2026002891,2019-04-22,Almaty,USD,Personal loan,Consumer credit,Female,Local,39.0,3149000,35,0,0
KZ2026002892,2021-02-27,Shymkent,KZT,Personal loan,Consumer credit,Male,Local,18.7,1159000,36,0,0
KZ2026002893,2020-11-11,Karaganda,KZT,Personal loan,Consumer credit,Male,Local,15.7,752000,32,0,0
KZ2026002894,2019-05-16,Karaganda,KZT,Personal loan,Consumer credit,Female,Local,46.6,2098000,49,0,0
KZ2026002895,2021-05-24,Shymkent,KZT,Personal loan,Consumer credit,Male,Local,23.4,2881000,21,0,0
KZ2026002896,2019-02-07,Nur-Sultan,KZT,Personal loan,Consumer credit,Female,Local,33.1,654000,32,0,0
KZ2026002897,2020-11-08,Shymkent,KZT,Personal loan,Consumer credit,Male,Local,29.9,220000,18,0,0
KZ2026002898,2019-04-30,Almaty,KZT,Personal loan,Consumer credit,Male,Local,43.4,254000,26,0,0
KZ2026002899,2020-10-24,Karaganda,KZT,Personal loan,Consumer credit,Male,Local,20.4,1499000,40,0,0
KZ2026002900,2021-02-19,Almaty Region,KZT,Personal loan,Auto loan,Female,Local,9.1,8000000,41,0,0
KZ2026002901,2021-04-19,Almaty Region,KZT,Personal loan,Consumer credit,Female,Local,40.0,397000,34,0,0
KZ2026002902,2019-05-22,Turkistan,KZT,Credit card,Consumer credit,Male,Local,38.7,285000,49,0,0
KZ2026002903,2019-05-26,Almaty,KZT,Personal loan,Consumer credit,Male,Local,27.0,892000,52,0,0
KZ2026002904,2019-03-02,Shymkent,KZT,Personal loan,Consumer credit,Male,Local,35.7,6140000,36,0,0
KZ2026002905,2020-12-26,Almaty Region,KZT,Credit card,Consumer credit,Male,Local,34.6,1904000,40,0,0
KZ2026002906,2019-06-13,Karaganda,KZT,Personal loan,Consumer credit,Female,Local,36.6,1721000,32,0,0
KZ2026002907,2019-12-11,Shymkent,KZT,Personal loan,Consumer credit,Female,Local,24.5,2574000,44,0,0
KZ2026002908,2020-01-02,Nur-Sultan,KZT,Personal loan,Consumer credit,Male,Local,30.4,2514000,24,0,0
KZ2026002909,2019-11-06,Turkistan,KZT,Personal loan,Consumer credit,Male,Local,28.0,404000,57,0,0
KZ2026002910,2020-03-14,Zhambyl,KZT,Personal loan,Consumer credit,Female,Local,19.5,2173000,50,0,0
KZ2026002911,2019-11-05,Kostanay,USD,Personal loan,Consumer credit,Male,Local,13.6,629000,24,0,0
KZ2026002912,2019-07-28,Almaty,KZT,Personal loan,Consumer credit,Male,Local,24.6,3162000,28,0,0
KZ2026002913,2019-12-09,Zhambyl,KZT,Personal loan,Auto loan,Female,Local,13.3,4148000,42,0,0
KZ2026002914,2020-12-12,Karaganda,KZT,Personal loan,Consumer credit,Male,Foreigner,28.5,3063000,33,0,0
KZ2026002915,2019-04-15,Atyrau,KZT,Personal loan,Auto loan,Male,Local,17.0,7178000,43,0,0
KZ2026002916,2021-04-27,Almaty,KZT,Personal loan,Consumer credit,Male,Local,25.5,270000,33,0,0
KZ2026002917,2019-12-28,Almaty,KZT,Personal loan,Consumer credit,Female,Local,18.6,188000,54,0,0
KZ2026002918,2019-09-14,North Kazakhstan,KZT,Personal loan,Consumer credit,Male,Local,19.7,3222000,37,0,0
KZ2026002919,2020-01-28,Nur-Sultan,KZT,Credit card,Auto loan,Female,Local,16.4,6871000,64,0,0
KZ2026002920,2021-04-02,Kostanay,KZT,Personal loan,Consumer credit,Male,Local,21.5,1492000,44,297,1
KZ2026002921,2020-12-15,Shymkent,KZT,Personal loan,Consumer credit,Male,Local,13.7,1675000,22,0,0
KZ2026002922,2020-12-23,Nur-Sultan,KZT,Personal loan,Consumer credit,Female,Local,23.2,2564000,60,0,0
KZ2026002923,2019-07-14,Almaty,KZT,Personal loan,Consumer credit,Male,Local,15.9,2523000,49,0,0
KZ2026002924,2021-02-21,Karaganda,KZT,Personal loan,Consumer credit,Male,Local,4.4,927000,41,0,0
KZ2026002925,2020-09-15,Nur-Sultan,KZT,Personal loan,Consumer credit,Male,Local,42.6,2704000,44,0,0
KZ2026002926,2019-02-22,West Kazakhstan,KZT,Personal loan,Consumer credit,Female,Local,20.8,894000,24,0,0
KZ2026002927,2020-01-13,Karaganda,KZT,Personal loan,Consumer credit,Male,Local,35.6,1476000,18,0,0
KZ2026002928,2021-01-06,West Kazakhstan,KZT,Credit card,Consumer credit,Female,Local,27.1,407000,37,0,0
KZ2026002929,2020-04-15,Almaty Region,KZT,Personal loan,Consumer credit,Male,Local,38.4,578000,52,0,0
KZ2026002930,2020-06-01,Kostanay,KZT,Personal loan,Consumer credit,Male,Local,12.7,638000,41,0,0
KZ2026002931,2019-11-27,West Kazakhstan,EUR,Personal loan,Consumer credit,Male,Local,16.6,10828000,56,0,0
KZ2026002932,2019-02-03,Almaty,KZT,Personal loan,Consumer credit,Male,Local,45.9,1643000,52,249,1
KZ2026002933,2021-02-20,Zhambyl,KZT,Personal loan,Consumer credit,Female,Local,20.2,1964000,37,0,0
KZ2026002934,2020-10-27,Turkistan,KZT,Credit card,Consumer credit,Male,Local,38.0,336000,50,0,0
KZ2026002935,2019-08-28,Karaganda,KZT,Personal loan,Consumer credit,Female,Local,26.5,2124000,54,0,0
KZ2026002936,2019-08-02,Atyrau,KZT,Credit card,Consumer credit,Male,Local,31.0,448000,36,0,0
KZ2026002937,2020-04-02,Aktobe,KZT,Personal loan,Consumer credit,Female,Local,27.7,573000,35,0,0
KZ2026002938,2020-12-04,Nur-Sultan,KZT,Personal loan,Auto loan,Male,Local,24.1,5093000,72,0,0
KZ2026002939,2019-03-18,Almaty,KZT,Personal loan,Consumer credit,Female,Local,29.0,755000,18,0,0
KZ2026002940,2020-07-06,Nur-Sultan,KZT,Credit card,Consumer credit,Male,Local,32.0,1291000,40,0,0
KZ2026002941,2021-01-17,Shymkent,KZT,Personal loan,Consumer credit,Female,Local,27.2,1728000,45,0,0
KZ2026002942,2020-03-10,Almaty,KZT,Personal loan,Consumer credit,Female,Local,40.3,662000,39,0,0
KZ2026002943,2019-02-16,Pavlodar,KZT,Personal loan,Consumer credit,Female,Local,18.8,1605000,41,0,0
KZ2026002944,2019-01-21,Almaty,KZT,Personal loan,Consumer credit,Male,Local,6.4,547000,37,0,0
KZ2026002945,2019-05-24,Akmola,KZT,Personal loan,Consumer credit,Female,Local,12.7,1494000,18,0,0
KZ2026002946,2021-02-24,Almaty Region,KZT,Personal loan,Consumer credit,Male,Local,13.6,991000,55,0,0
KZ2026002947,2020-02-09,Aktobe,KZT,Personal loan,Consumer credit,Male,Local,15.1,594000,33,0,0
KZ2026002948,2019-05-11,Mangystau,KZT,Personal loan,Consumer credit,Male,Local,15.5,588000,30,0,0
KZ2026002949,2021-03-10,Shymkent,KZT,Personal loan,Consumer credit,Female,Local,21.4,9507000,52,0,0
KZ2026002950,2021-01-02,North Kazakhstan,KZT,Personal loan,Consumer credit,Male,Local,24.9,1297000,48,0,0
KZ2026002951,2019-05-10,Almaty,KZT,Personal loan,Consumer credit,Female,Local,25.0,831000,40,0,0
KZ2026002952,2020-08-30,Mangystau,KZT,Personal loan,Consumer credit,Female,Local,16.4,718000,45,0,0
KZ2026002953,2019-10-19,Almaty,KZT,Personal loan,Consumer credit,Male,Local,31.4,1791000,24,0,0
KZ2026002954,2019-03-03,Turkistan,KZT,Credit card,Auto loan,Male,Local,34.5,3001000,36,0,0
KZ2026002955,2019-02-24,East Kazakhstan,KZT,Personal loan,Consumer credit,Female,Foreigner,39.3,473000,75,0,0
KZ2026002956,2020-04-23,Aktobe,KZT,Personal loan,Consumer credit,Male,Local,19.6,1167000,30,0,0
KZ2026002957,2021-01-14,Almaty,KZT,Personal loan,Consumer credit,Male,Local,34.5,1160000,26,0,0
KZ2026002958,2021-04-29,Nur-Sultan,KZT,Personal loan,Consumer credit,Male,Local,25.4,842000,38,0,0
KZ2026002959,2020-09-14,Almaty,KZT,Personal loan,Consumer credit,Female,Local,30.3,563000,38,0,0
KZ2026002960,2021-03-25,Turkistan,KZT,Personal loan,Consumer credit,Male,Local,29.4,861000,44,0,0
KZ2026002961,2019-07-28,Mangystau,KZT,Personal loan,Consumer credit,Male,Local,21.8,805000,22,0,0
KZ2026002962,2019-05-10,Shymkent,KZT,Personal loan,Consumer credit,Male,Local,23.9,715000,18,0,0
KZ2026002963,2019-04-08,Nur-Sultan,KZT,Personal loan,Consumer credit,Male,Local,21.4,1518000,47,0,0
KZ2026002964,2019-06-02,West Kazakhstan,KZT,Personal loan,Consumer credit,Female,Local,14.0,7961000,25,0,0
KZ2026002965,2020-10-27,Almaty,KZT,Personal loan,Consumer credit,Female,Local,2.8,3722000,30,0,0
KZ2026002966,2019-05-16,Zhambyl,KZT,Personal loan,Consumer credit,Female,Local,15.6,6252000,18,0,0
KZ2026002967,2020-01-17,Aktobe,KZT,Personal loan,Consumer credit,Female,Local,24.7,741000,48,0,0
KZ2026002968,2020-10-29,Akmola,KZT,Personal loan,Consumer credit,Male,Local,31.7,4982000,41,0,0
KZ2026002969,2021-03-29,West Kazakhstan,KZT,Credit card,Consumer credit,Female,Local,37.6,415000,40,230,1
KZ2026002970,2019-05-22,Almaty,KZT,Personal loan,Consumer credit,Female,Local,19.8,2775000,40,0,0
KZ2026002971,2019-06-14,Atyrau,KZT,Credit card,Consumer credit,Female,Local,25.7,493000,18,0,0
KZ2026002972,2019-02-27,Karaganda,KZT,Personal loan,Consumer credit,Female,Local,21.2,896000,26,0,0
KZ2026002973,2019-04-10,Almaty,KZT,Credit card,Auto loan,Male,Local,22.1,5529000,32,0,0
KZ2026002974,2019-12-11,Turkistan,EUR,Personal loan,Consumer credit,Female,Local,0.0,3086000,29,0,0
KZ2026002975,2019-10-05,East Kazakhstan,USD,Personal loan,Consumer credit,Male,Local,28.7,1890000,34,0,0
KZ2026002976,2021-05-03,Pavlodar,KZT,Personal loan,Consumer credit,Female,Local,29.4,1519000,40,294,1
KZ2026002977,2020-01-28,Karaganda,KZT,Personal loan,Consumer credit,Male,Local,22.0,1788000,48,0,0
KZ2026002978,2019-09-30,Kostanay,KZT,Credit card,Consumer credit,Female,Foreigner,23.6,199000,21,164,1
KZ2026002979,2020-02-19,Kostanay,KZT,Personal loan,Consumer credit,Female,Local,28.1,1492000,37,0,0
KZ2026002980,2020-10-01,North Kazakhstan,KZT,Personal loan,Consumer credit,Female,Local,30.2,1106000,45,0,0
KZ2026002981,2019-10-26,Karaganda,KZT,Personal loan,Consumer credit,Male,Foreigner,30.6,1009000,27,0,0
KZ2026002982,2019-05-08,Akmola,KZT,Personal loan,Consumer credit,Female,Local,40.5,674000,35,0,0
KZ2026002983,2020-01-07,Nur-Sultan,KZT,Personal loan,Consumer credit,Female,Local,18.7,2612000,42,0,0
KZ2026002984,2020-07-02,West Kazakhstan,KZT,Credit card,Consumer credit,Female,Local,53.7,454000,37,0,0
KZ2026002985,2019-10-07,Nur-Sultan,KZT,Personal loan,Consumer credit,Female,Local,4.4,1477000,44,0,0
KZ2026002986,2020-05-28,Almaty,KZT,Personal loan,Consumer credit,Female,Local,14.8,6858000,38,0,0
KZ2026002987,2019-10-14,Nur-Sultan,KZT,Personal loan,Consumer credit,Female,Local,24.3,1795000,34,0,0
KZ2026002988,2021-03-09,Zhambyl,KZT,Credit card,Consumer credit,Male,Local,35.3,861000,24,0,0
KZ2026002989,2021-02-22,Almaty,RUB,Personal loan,Auto loan,Male,Local,14.6,7989000,40,0,0
KZ2026002990,2020-09-24,Karaganda,KZT,Personal loan,Consumer credit,Female,Local,18.7,488000,38,0,0
KZ2026002991,2021-01-09,Mangystau,KZT,Credit card,Auto loan,Female,Local,47.6,4459000,26,341,1
KZ2026002992,2019-04-17,Pavlodar,KZT,Personal loan,Consumer credit,Male,Local,19.0,125000,43,0,0
KZ2026002993,2020-07-30,Akmola,USD,Personal loan,Consumer credit,Male,Local,7.1,2566000,51,0,0
KZ2026002994,2019-12-24,Zhambyl,KZT,Personal loan,Consumer credit,Male,Local,30.4,997000,30,0,0
KZ2026002995,2020-11-17,Zhambyl,KZT,Personal loan,Consumer credit,Female,Local,32.6,1109000,29,0,0
KZ2026002996,2019-01-01,Atyrau,KZT,Credit card,Consumer credit,Female,Local,33.4,137000,29,0,0
KZ2026002997,2019-06-15,Karaganda,KZT,Credit card,Consumer credit,Female,Local,19.8,989000,19,0,0
KZ2026002998,2019-08-01,Almaty,KZT,Personal loan,Consumer credit,Male,Local,23.6,901000,59,0,0
KZ2026002999,2020-05-06,Shymkent,KZT,Credit card,Consumer credit,Male,Local,19.6,169000,32,0,0
KZ2026003000,2021-05-07,Nur-Sultan,KZT,Personal loan,Consumer credit,Female,Local,24.6,1907000,28,0,0
